Compound,mz,rt,UM1850B_ANGDT_0.25_mL_36_1_4792,UM1850B_ANGDT_0.25_mL_36_1_4802,UM1850B_ANGDT_0.25_mL_36_1_4815,UM1852B_Coculture_42_1_4685,UM1852B_Coculture_42_1_4695,UM1852B_Coculture_42_1_4709,UM1852B_Coculture_42_1_4785,UM1850B_ANGDT_48_1_4782,UM1850B_ANGDT_48_1_4794,UM1850B_ANGDT_48_1_4823,UM1852B_Coculture_0.25mgml_19_1_4812,UM1852B_Coculture_0.25mgml_19_1_4819,UM1852B_Coculture_0.25mgml_19_2_4820
2454,577.160266,491,1821.32,2804.35,1826.37,0,0,0,0,2043.49,2324.52,2261.3,1963.67,1803.82,2209.73
6243,522.240026,167.81,375.34,451.08,483.71,0,0,0,0,1846.39,1566.09,1683.71,476.79,0,465.11
3668,496.252546,129.75,0,0,0,464.09,564.09,570.65,0,0,0,0,0,0,0
7926,433.245386,189.83,0,0,0,1622.26,1930.72,1133.5,0,0,0,0,0,0,0
11157,495.287266,355.82,0,0,0,14325.28,13609.82,14261.56,0,0,0,0,0,0,0
6352,440.252616,170.06,0,0,0,0,0,0,0,0,0,0,0,0,0
9640,641.327896,220.58,0,0,0,0,0,0,0,0,0,0,0,0,0
11028,265.046376,311.38,0,0,0,1775.64,1970.29,2089.46,0,0,0,0,0,0,0
5259,407.243006,155.99,0,0,0,0,0,0,0,0,0,0,0,0,0
11439,600.470656,451.83,0,0,0,1181.27,1422.42,1494.58,0,0,0,0,0,0,0
3041,423.236386,54.42,0,0,0,0,0,0,0,0,0,0,0,0,0
4762,555.274486,147.79,0,0,0,0,0,0,0,1482.25,1427.48,1446.78,0,0,0
6851,489.234496,176.17,0,0,0,0,0,0,0,0,0,0,0,0,0
6770,388.189426,174.02,0,0,0,0,0,0,0,0,0,0,0,0,0
2100,354.196216,283.38,0,0,0,0,0,0,0,0,0,0,0,0,0
7854,570.246436,190.54,0,0,0,1619.69,1849.74,2376.65,0,0,0,0,0,0,0
7640,677.312856,186.04,0,0,0,0,0,0,0,0,0,0,0,0,0
7687,528.338276,187.13,0,0,0,0,0,0,0,0,0,0,0,0,0
3444,447.229596,60.66,0,0,0,0,0,0,0,0,0,0,0,0,0
6399,393.180696,168.61,0,0,0,0,0,0,0,616.37,703.91,579.86,0,0,0
7503,613.339426,183.7,0,0,0,0,0,0,0,1006.02,1121.65,1165.9,0,0,0
3005,436.174396,52.46,0,0,0,0,0,0,0,967.96,1063.69,1116.51,0,0,0
9923,623.336786,227.06,0,0,0,0,0,0,0,0,0,0,0,0,0
9489,542.393296,217.35,0,0,0,1215.71,0,740.87,0,0,0,0,0,0,0
6172,500.261986,166.66,0,0,0,0,0,0,0,612.17,0,0,0,0,0
643,701.347586,154.08,0,0,0,0,0,0,0,0,0,0,0,0,0
6289,399.206586,166.79,710.26,704.78,727.82,0,0,0,0,2186.98,2114.44,2174.28,650.63,624.48,608.71
8412,609.393736,197.76,0,0,0,0,0,0,0,0,0,0,0,0,0
9132,608.310446,210.64,0,0,0,0,0,0,0,0,0,0,0,0,0
4728,468.282366,147.12,0,0,0,0,0,0,0,0,0,0,0,0,0
4037,520.286086,138.16,0,0,0,0,0,0,0,0,0,0,0,0,0
2260,186.188726,330.35,0,0,0,0,0,0,0,0,0,0,0,0,0
5038,515.354836,151.45,0,0,0,773.03,966.88,718.74,0,0,0,0,0,0,0
4374,299.084806,141.92,1092.03,986.87,1015.55,0,0,0,0,1452.89,1514.76,1324.63,1538.65,1224.15,1281.86
2347,326.388666,401.18,1099.5,1142.56,768.64,0,0,0,0,1245.6,1143.34,1357.64,1152.04,954.51,980.32
5684,544.242516,163.12,0,0,0,0,0,0,0,0,0,0,0,0,0
3225,574.128256,55.87,0,0,0,0,0,0,0,0,0,0,0,0,0
2531,372.182386,43.73,0,0,0,0,0,0,0,0,0,0,0,0,0
4655,217.148766,148.66,0,0,0,0,0,0,0,0,0,0,0,0,0
3940,622.223846,136.28,0,0,0,2304.92,2129.72,1471.1,0,0,0,0,0,0,0
2851,276.144416,49.75,0,0,0,1769.12,2094.41,1597.57,0,0,0,0,0,0,0
10681,471.281806,267.92,1168.27,1085.58,1243.06,0,0,0,0,3846.27,4163.12,4568.57,1067.79,969.23,895.39
9368,504.260516,215.17,0,0,0,0,0,0,0,1239.06,1198.3,1087.46,0,0,0
4662,578.283876,148.87,0,0,0,0,0,0,0,0,0,0,0,0,0
6817,562.321956,176.38,0,0,0,0,0,0,0,0,0,454.5,1035.72,1363.21,1959.06
9717,517.208746,222.74,0,0,0,0,0,0,0,0,0,0,0,0,0
7299,450.979196,181.8,743.7,1057.96,891.7,0,0,0,0,1272.82,1298.9,2245.31,1183.23,1226.63,1011.49
3263,155.144626,55.95,0,0,0,0,0,0,0,0,0,0,0,0,0
5682,391.238846,163.35,0,0,0,0,0,0,0,0,0,0,0,0,0
4761,447.170536,148.67,517.02,0,667.07,0,0,0,0,1371.7,1349.35,1635.94,0,0,0
9272,527.253816,211.51,0,0,0,0,0,0,0,0,0,0,0,0,0
6122,542.320246,166.84,0,0,0,0,0,0,0,0,0,0,0,0,0
5652,740.383206,161.72,0,0,0,0,0,0,0,0,0,0,0,0,0
9689,542.404696,221.6,0,0,0,4936.82,4852.02,5794.32,0,0,0,0,0,0,0
5011,545.234606,152.05,0,0,0,0,0,0,0,590.84,506.11,424.97,0,0,0
8949,546.288706,207.04,0,0,0,0,0,0,0,0,0,0,0,0,0
6484,691.367286,170.19,0,0,0,2060.34,1692.75,1808.72,0,0,0,0,0,0,0
9269,651.338146,212.13,0,0,0,0,0,0,0,0,0,0,0,0,0
108,691.330616,53.79,0,0,0,526.26,481.92,529.34,0,0,0,0,0,0,0
5864,410.206676,164.64,2423.29,2387.76,2566.03,0,0,0,0,8424.65,8082.31,7953.02,1524.38,1368.15,1094.9
10366,255.134396,242.6,0,0,0,0,0,0,0,0,0,0,0,0,0
8664,373.178676,203.06,0,0,0,0,0,0,0,0,0,0,0,0,0
8866,587.317126,205.45,0,0,0,0,0,0,0,0,0,0,0,0,0
7502,484.314836,184.65,0,0,0,2786.51,2084.25,2992.21,0,0,0,0,0,0,0
10920,422.303676,291.3,2005.41,2057.69,1606.77,0,0,0,0,6606.73,6462.03,6325.35,0,0,0
10041,471.120866,231.78,0,0,0,88830.77,81475.11,92888.67,0,0,0,0,0,0,0
8318,433.294476,198.06,0,0,0,0,0,0,0,0,0,0,0,0,0
10455,411.221086,247.93,0,0,0,0,0,0,0,0,0,0,0,0,0
9971,609.272836,228.35,0,0,0,0,0,0,0,1487.71,1929.04,1717.39,0,0,0
8346,595.379036,197.68,0,0,0,0,0,0,0,0,0,0,0,0,0
1141,191.108216,189.01,0,0,0,0,0,0,0,0,0,0,0,0,0
5860,477.235246,162.34,0,0,0,0,0,0,0,0,514.55,416.19,0,0,0
9057,634.391306,207.51,0,0,0,0,0,0,0,0,0,0,0,0,0
5680,619.325666,163.45,0,0,0,0,0,0,0,0,0,0,0,0,0
1250,277.981396,195.72,0,0,0,5706.45,5349.95,5511.64,0,0,0,0,0,0,0
11681,546.487556,501.4,0,0,0,0,0,0,0,0,922.53,0,0,0,914.12
5621,397.190566,160.32,0,0,0,0,0,0,0,0,0,0,0,0,0
7979,505.213806,190.72,0,0,0,2243.61,2412.57,2629.64,0,0,0,0,0,0,0
10847,479.051276,281.58,0,746.83,0,0,0,0,0,3945.67,3102.63,3330.83,804.56,725.15,0
1181,684.153436,191.35,736.81,755.13,0,0,0,0,0,0,526.95,971.07,0,0,0
9649,263.159236,221.82,0,0,0,0,0,0,0,0,0,0,0,0,0
2977,463.223006,52.14,0,0,0,0,0,0,0,0,0,0,0,0,0
2297,429.370566,355.23,0,0,0,0,0,0,0,0,0,0,0,0,0
8136,212.150276,193.93,0,0,0,0,0,0,0,1011.89,1091.36,1128.26,0,0,0
9781,568.403976,223.64,0,0,0,0,0,0,0,0,0,0,0,0,0
5287,261.143986,157.25,0,0,0,0,0,0,0,0,0,0,0,0,0
5636,545.293466,162.28,0,0,0,0,0,0,0,0,393.87,0,0,0,0
9027,694.448666,208.42,0,0,0,0,0,0,0,0,0,0,0,0,0
8425,720.465786,199.1,0,0,0,0,0,0,0,0,0,0,0,0,0
4013,440.253986,137.69,0,0,0,0,0,0,0,0,0,0,0,0,0
2939,492.245536,50.59,0,0,0,0,0,0,0,0,0,0,0,0,0
5527,349.231546,158.94,0,0,0,0,0,0,0,0,0,0,0,0,0
8760,434.173246,204.48,0,0,0,0,0,0,0,0,0,0,0,0,0
6629,120.150896,172.2,0,0,0,0,0,0,0,0,0,0,0,0,0
6563,668.397396,171.11,0,0,0,0,0,0,0,0,0,0,0,0,0
10435,424.246376,244.96,0,0,0,0,0,0,0,0,0,0,0,0,0
3967,545.257346,137.71,0,0,0,18022.54,18654.07,18210.58,0,0,0,0,0,0,0
4707,518.279146,146.85,0,0,0,0,0,0,0,0,0,0,0,0,0
2759,557.257896,48.32,0,0,0,4932.88,4199.27,4180.94,0,0,0,0,0,0,0
11579,445.247746,483.13,0,0,0,661.91,716.92,634.67,0,0,0,0,0,0,0
7493,509.296926,183.57,0,0,0,0,0,0,0,0,0,0,0,0,0
7336,774.382806,181.01,0,0,0,0,0,0,0,0,0,0,0,0,0
3679,136.122706,130.43,0,0,0,0,0,0,0,1164.07,1060.87,1138.34,0,0,0
4680,467.225236,148.02,718.91,846.58,832.98,0,0,0,0,2688.11,2689.53,2879.9,0,0,0
5574,492.242886,159.71,0,0,0,0,0,0,0,847.83,892.8,703.65,0,0,0
9926,622.323256,226.46,0,0,0,0,0,0,0,0,0,0,0,0,0
2951,385.261266,50.68,0,0,0,0,0,0,0,0,0,0,0,0,0
3899,430.132576,135.38,0,0,0,687.4,701.62,623.25,0,0,0,0,0,0,0
8617,455.162626,202.28,0,0,0,0,0,0,0,0,0,0,0,0,0
11356,419.278056,431.67,0,0,0,8048.07,8244.11,8342.05,0,0,0,0,0,0,0
10849,438.060206,281.88,0,0,0,0,0,0,0,0,0,0,0,0,0
5303,585.322626,155.89,0,0,0,0,0,0,0,0,295.91,0,0,0,0
8043,838.403726,192.25,0,0,0,0,0,0,0,1120.9,1024.18,1244.78,0,0,460.29
1691,661.209156,223.74,0,0,0,1663.9,1123.81,1755.4,0,0,0,0,0,0,0
3383,526.287026,57.09,0,0,0,0,0,0,0,586.39,0,800.32,0,0,0
8960,227.125636,206.7,0,0,0,6515.53,6673.21,6142.08,0,0,0,0,0,0,0
10560,467.088056,256.94,6831.01,8049.99,7306.06,0,0,0,0,26566.89,24553.45,26956.62,10276.18,10697.22,9443.42
9542,115.127216,217.95,0,0,0,0,0,0,0,551.09,0,626.26,0,0,0
3034,447.331106,53.86,0,0,0,3663.2,4077.61,4217.6,0,0,0,0,0,0,0
5968,263.159496,165.95,0,0,0,0,0,0,0,0,0,0,0,0,0
10600,292.093816,260.4,0,0,0,0,0,0,0,987.89,1148.21,1028.65,1281.96,1126.03,1181
11175,291.193176,363.49,0,0,0,3044.9,2828.6,3567.97,0,0,0,0,0,0,0
11337,590.424916,428.58,1643.39,2015.07,1576.02,0,0,0,0,5945.18,5295.1,6392.61,1175.03,1250.55,1404.31
7477,504.281336,183.39,0,0,0,0,0,0,0,0,0,0,435.68,537.25,443.74
6268,689.358336,166.99,0,0,0,0,0,0,0,0,0,0,0,0,0
9787,698.388016,224.02,0,0,0,0,0,0,0,0,0,0,0,0,0
4251,519.253216,142.13,0,0,0,0,0,0,0,0,0,0,0,0,0
3296,422.194556,58.87,983.52,1391.51,1341.08,0,0,0,0,3359.66,3454.91,3404.23,0,0,0
4760,461.224956,148.56,0,0,0,0,0,0,0,703.08,680.19,579.69,0,0,0
8527,532.323956,199.92,0,0,0,0,0,0,0,0,0,0,0,0,0
2590,675.329426,46.03,3318.8,3359.42,2880.22,0,0,0,0,14224.66,24889.79,35062.36,3807.74,3502.59,3854.57
2622,345.173866,45.7,0,0,0,0,0,0,0,1446.27,1168.71,1185.8,0,0,0
7666,215.170126,187.38,0,0,0,0,0,0,0,0,0,0,0,0,0
2514,462.239616,42.82,0,0,0,0,0,0,0,0,0,0,0,0,0
3848,453.247336,133.44,0,0,0,0,0,0,0,0,0,0,0,0,0
6502,613.352776,171.94,0,0,0,0,0,0,0,0,0,0,0,0,0
7246,922.011826,180.16,0,0,0,0,0,0,0,0,0,0,963.67,896.46,0
8257,661.371266,195.22,0,0,0,0,0,0,0,0,0,0,0,0,0
4462,389.252006,145.02,0,0,0,1865.28,2055.75,1972.12,0,0,0,0,0,0,0
8453,449.202856,198.07,0,0,0,0,0,0,0,599.08,675.33,665.6,0,0,0
8449,750.413796,198.33,0,0,0,0,0,0,0,0,0,0,0,0,0
1929,658.286466,239.4,0,0,0,0,0,0,0,0,0,0,0,0,0
8777,452.251826,204.43,0,0,5335.45,0,0,0,0,0,0,18591.9,0,4552.47,0
10975,453.942216,301.94,0,0,0,0,0,0,0,1093.36,1059.17,948.15,0,0,0
9946,654.354616,227.47,0,0,0,0,0,0,0,0,0,0,0,0,0
7881,586.343596,189.34,0,0,0,0,0,0,0,428.44,0,422.52,0,0,0
4575,575.785316,144.84,0,0,0,0,0,0,0,0,0,0,0,0,0
11655,605.154876,491.13,3905.86,4001.39,4220.51,0,0,0,0,4951.22,3909.66,4520.22,3364.58,3148.46,4530.88
10655,623.236736,264.44,0,0,0,791.94,767.2,640.63,0,0,0,0,0,0,0
6006,600.370996,164.94,0,0,0,0,0,0,0,0,0,0,0,0,0
7890,576.164906,191.3,0,0,0,0,0,0,0,714.76,825.36,912.61,0,0,0
3266,529.297496,55.9,0,0,0,0,0,0,0,0,0,0,0,0,0
2518,561.195226,42.67,599.51,802.71,601.41,0,0,0,0,1866.73,1971.76,1716.14,0,0,0
1954,130.129396,242.71,0,0,0,0,0,0,0,0,0,0,0,0,0
5433,553.333256,159.03,0,0,0,0,0,0,0,0,0,0,0,0,0
7578,532.802576,186.98,0,0,0,0,0,0,0,0,0,0,0,0,0
4611,494.204296,145.76,0,0,0,0,0,0,0,792.48,646.66,728.58,0,0,0
7363,783.427636,181.98,0,0,0,0,0,0,0,0,0,0,0,0,0
5197,604.296236,156.35,0,0,0,0,0,0,0,1089.96,1012.44,831.61,0,0,0
3440,292.118436,60.64,0,0,0,920.05,992.7,1171.31,0,0,0,0,0,0,0
9684,488.251586,221.45,0,0,0,0,0,0,0,0,0,0,0,0,0
2947,491.247066,50.58,0,0,0,501.38,0,573.03,0,0,0,0,0,0,0
11181,294.293976,370.6,1987.4,2051.32,2323.67,0,0,0,0,7009.2,6653.92,6651.9,1997.85,2319.09,2241.21
2804,653.359476,49.97,0,0,0,0,0,0,0,0,0,0,0,0,0
3092,408.238536,55.43,0,0,0,0,0,0,0,0,0,0,0,0,0
4443,244.153256,143.2,0,0,0,0,0,0,0,0,0,0,0,0,0
8278,635.338206,195.44,0,0,0,0,0,0,0,0,0,0,0,0,0
3187,330.060826,55.82,0,0,0,7863.61,6955.85,5770.54,0,0,0,0,0,0,0
9096,562.358766,209.14,2784.77,3179.32,3026.19,0,0,0,0,10053.24,10963.7,11247.45,0,0,0
6307,360.200896,167.62,0,0,0,0,0,0,0,0,0,0,0,0,0
2667,617.328346,47.43,0,0,0,7920.41,7124.9,6058.87,0,0,0,0,0,0,0
10045,471.119216,231.52,19332.4,20807.95,16263.89,629.23,451.78,0,0,95618.07,98381.44,105411.12,13799.79,15293.53,15364.47
9063,405.249386,207.42,3139.65,3160.52,3006.08,0,0,0,0,9940.1,10463.23,10739.39,2243.75,2397.5,2414.14
4101,421.256876,139.31,0,0,0,1288.37,1334.72,1247.49,0,0,0,0,0,0,0
6236,758.347446,168.89,0,0,0,0,0,0,0,0,0,0,0,0,0
365,196.097166,138.2,0,0,0,0,0,0,0,0,0,0,0,0,0
9521,676.329586,217.1,0,0,0,0,0,0,0,0,0,0,0,0,0
4246,261.123616,142.6,0,0,0,0,1703.25,1305.89,0,0,0,0,0,0,0
6619,417.215766,173.14,0,0,0,0,0,0,0,0,0,0,0,0,0
4899,392.231516,148.95,0,0,0,1138.57,1125.44,1080,0,0,0,0,0,0,0
5955,539.447266,165.19,0,0,0,5144.66,4528.78,4695.88,0,0,0,0,0,0,0
3218,449.218066,55.58,0,0,0,0,0,0,0,0,0,0,0,0,0
5497,319.079846,158.34,0,0,0,0,0,0,0,0,0,0,0,0,0
7630,675.421276,187.76,0,0,0,0,0,0,0,0,0,0,0,0,0
7089,821.387686,179.24,0,0,0,0,0,0,0,0,0,0,0,0,0
4663,421.170756,146.52,0,0,0,0,0,0,0,745.5,859.21,765.01,0,0,0
7937,488.213636,191.18,0,0,0,0,0,0,0,786.16,672.07,648.25,0,0,0
1395,653.267606,207.19,0,0,0,0,0,0,0,0,0,0,0,0,0
8903,669.359336,205.83,0,0,0,0,0,0,0,0,0,0,0,0,0
4767,416.186146,148.67,0,0,0,0,0,0,0,1398.44,1730.12,1586.78,0,0,0
3508,545.292136,77.16,0,0,0,0,0,0,0,0,0,0,0,0,0
3649,302.163696,128.26,0,0,0,0,0,0,0,0,0,0,0,0,0
8037,507.259976,191.67,0,0,0,0,0,0,0,808.98,974.16,974.39,0,0,0
4298,648.315506,142.92,0,0,0,0,0,0,0,0,0,0,0,0,0
7712,408.195386,188.62,0,0,0,0,0,0,0,0,0,0,0,0,0
9907,767.343686,227.95,0,0,0,0,0,0,0,0,0,0,0,0,0
5495,534.266806,158.3,0,0,0,0,0,0,0,0,0,0,0,0,0
10738,542.293876,274.3,0,0,0,0,0,0,0,0,0,0,0,0,0
6427,411.263206,170.71,0,0,0,0,0,0,0,0,0,0,0,0,0
9423,540.374176,216.69,0,0,0,0,0,0,0,0,0,0,0,0,0
3456,364.187076,62.07,0,0,0,1001.1,985.23,1111.64,0,0,0,0,0,0,0
10933,443.031396,296.93,0,0,0,2734.35,2507.58,2879.16,0,0,0,0,0,0,0
2626,552.243996,45.76,0,0,0,815.72,989.48,809.77,0,0,0,0,0,0,0
1959,180.079916,246.22,0,0,0,1257.62,1459.05,1328.52,0,0,0,0,0,0,0
4076,501.267026,138.71,0,0,0,0,0,0,0,0,0,0,0,0,0
10972,412.083766,302.82,0,0,0,2395.06,2958.86,2885.96,0,0,0,0,0,0,0
11605,667.301166,482.95,0,0,0,0,0,0,0,0,0,0,2126.27,2173.74,2053.75
5575,517.232656,159.76,0,0,0,0,0,0,0,1020.42,1166.91,1220.19,0,0,0
4288,261.143946,142.37,0,0,0,0,0,0,0,0,0,0,0,626.31,0
11644,544.236046,491.46,0,0,0,7113.33,6413.51,8052.08,0,0,0,0,0,0,0
4826,704.361276,147.92,0,0,0,0,0,0,0,0,0,0,0,0,0
7988,675.373746,193.18,0,0,0,0,0,0,0,0,0,0,0,0,0
7241,520.229256,179.83,0,0,0,1460.78,1235.57,1494.51,0,0,0,0,0,0,0
6428,699.373746,170.39,0,0,0,0,0,0,0,0,0,0,0,0,0
6985,739.398426,179.2,0,0,0,0,0,0,0,0,0,0,0,0,0
2437,378.055076,483.25,0,0,0,814.07,929.64,817.52,0,0,0,0,0,0,0
6435,521.273546,170.72,0,0,0,3042.97,3140.08,3529.58,0,0,0,0,0,0,0
5290,534.188496,156.35,0,0,0,0,0,0,0,0,0,0,0,0,0
4912,703.331176,149.64,0,0,0,0,0,0,0,0,0,0,0,0,0
6466,567.349096,169.28,0,0,0,0,0,0,0,0,0,0,0,0,0
7961,319.080336,190.2,0,0,0,0,0,0,0,0,850.87,612.13,0,0,0
3301,512.271426,58.11,569.42,611.74,606.41,0,0,0,0,2393.97,2364.9,2303.57,0,0,0
4089,572.301056,139.67,0,0,0,0,0,0,0,0,0,0,0,0,0
5423,536.307176,158.89,0,0,0,0,0,0,0,0,0,0,0,0,0
6768,684.391956,176.16,0,0,0,0,0,0,0,0,0,0,0,0,0
7395,651.319196,183.22,0,0,0,7317.58,6994.18,7380.99,0,0,0,0,0,0,0
3504,333.201856,78.81,0,0,0,0,0,0,0,0,0,0,0,0,0
728,393.213916,159.81,0,777.59,0,0,0,0,0,1400.15,1589.57,1794.78,691.09,849.48,0
10624,469.105286,260.69,0,0,0,9870.24,9833.13,9630.41,0,0,0,0,0,0,0
5710,511.268386,160.86,0,0,0,0,0,0,0,0,0,0,0,0,0
8994,560.354016,207.93,0,0,0,0,0,0,0,0,0,0,0,0,0
3738,510.255326,132.28,0,0,0,0,0,0,0,1319.38,1110.91,1309.45,0,0,0
8246,685.378406,196.06,0,0,0,0,0,0,0,0,0,0,0,0,0
6316,623.316806,167.47,0,0,0,0,0,0,0,0,0,0,0,0,0
4567,430.174456,144.96,0,0,0,0,0,0,0,1613.85,1232.98,1343.44,0,0,0
11647,171.137196,491.1,0,0,0,8201.21,7825.66,7786.32,0,0,0,0,0,0,0
11593,563.371216,483.13,0,0,0,0,0,0,0,0,0,0,1796.93,1758.61,2914.93
9471,540.317816,218.16,0,0,0,0,0,0,0,0,0,0,0,0,0
4959,551.317986,150.07,0,0,0,0,0,0,0,0,0,0,0,0,0
10556,471.121036,256.94,0,0,0,180379.09,222814.45,209622.14,0,0,0,0,0,0,0
4397,441.226366,142.88,0,0,0,926.21,712.29,870.59,0,0,0,0,0,0,0
4264,509.267456,142.64,0,0,0,0,0,0,0,0,0,0,0,0,0
5540,677.349826,159.76,0,0,0,0,0,0,0,0,0,0,0,0,0
8590,506.298516,202.15,0,0,0,9134.52,9196.35,8603.91,0,0,0,0,0,0,0
2914,315.166756,49.67,0,0,0,0,0,0,0,0,0,589.93,0,0,0
8193,601.333616,196.11,0,0,0,0,0,0,0,0,0,0,0,0,0
8874,427.236716,206.09,1388.58,1426.18,1393.63,0,0,0,0,4883.94,4488.06,4755.3,1097.75,1144.29,1042.65
9166,725.418466,209.55,0,0,0,0,0,0,0,0,0,0,0,0,0
6950,532.323536,178.27,0,0,0,0,0,0,0,0,0,0,0,0,0
11706,383.281456,503.56,0,0,0,0,0,0,0,0,0,0,0,0,0
9900,648.284606,226.82,0,0,0,0,0,0,0,894.36,0,872.48,0,0,0
7259,372.197956,181.75,1658.26,1816.18,1705.49,0,0,0,0,4258.64,5194.74,4737.05,1118.22,1314.19,1143.16
3916,513.302466,136.26,0,0,0,0,0,0,0,0,0,0,0,0,0
7290,585.322116,183.89,0,0,0,0,0,0,0,0,0,0,0,0,0
9501,636.338486,217.42,0,0,0,0,0,0,0,0,0,0,0,0,0
6937,507.227976,176.06,0,0,0,0,0,0,0,908.29,0,829.21,0,0,0
5315,350.176366,156.82,0,0,0,0,0,0,0,0,0,0,0,0,0
2024,667.223496,263.91,0,0,0,0,0,0,0,0,0,0,0,0,0
7438,730.358986,184.85,0,0,0,0,0,0,0,0,0,0,0,0,0
2089,362.187986,280.15,4236.21,7432.15,7002.65,0,0,0,0,80924.13,80070.45,43606.64,5850.28,5973.76,5499.95
7264,257.149976,181.27,0,0,0,0,0,0,0,1027.73,1272.68,1083.47,0,0,0
215,564.189376,60.36,0,0,0,0,0,0,0,0,0,0,0,0,0
3589,502.250616,124.47,0,0,0,0,0,0,0,0,0,0,0,0,0
11596,657.275276,483.25,0,0,0,4229.05,3367.24,2697.07,0,0,0,0,0,0,0
7584,519.228426,185.27,0,0,440.33,0,0,0,0,1525.39,1613.89,1225.48,0,0,0
5854,528.301896,162.08,0,0,0,0,0,0,0,0,0,0,0,0,0
4955,472.235456,150.8,0,0,0,0,0,0,0,294.8,0,255.36,0,0,0
4589,453.283356,146.83,0,0,0,0,0,0,0,0,0,0,0,0,0
11104,412.082766,333.16,0,0,0,2127.79,2145.63,1983.81,0,0,0,0,0,0,0
6030,526.322496,164.14,0,0,0,0,0,0,0,0,0,0,0,0,0
10647,591.385046,263.37,0,0,0,0,0,0,0,0,0,0,0,0,0
5750,425.194736,161.41,467.78,0,612.24,0,0,0,0,1922.76,1884.73,2269.59,561.86,0,0
9148,451.094946,211.43,0,0,0,2272.85,3408.58,3115.63,0,0,0,0,0,0,0
2340,544.172216,394.85,638.49,813.3,723.05,0,0,0,0,967,830.18,809.75,693.63,690.71,0
7236,470.298076,180.71,0,0,0,0,0,0,0,0,0,0,0,0,0
4025,440.252666,137.69,0,0,0,0,0,0,0,0,0,0,0,0,0
7582,503.215536,186.79,0,0,0,7076.32,7477.49,7772.99,0,0,0,0,0,0,0
1457,576.264706,209.62,0,0,0,0,0,0,0,371.53,601.88,647.25,0,0,0
1514,564.826856,213.11,0,0,0,0,0,0,0,0,0,0,0,0,0
9273,529.264496,211.59,0,0,0,0,0,0,0,529.05,631.79,791.27,0,0,0
6242,456.283106,168.39,0,0,0,0,0,0,0,0,0,0,0,0,0
5883,592.271246,162.76,0,0,0,0,0,0,0,0,457.57,515.49,0,0,0
6735,635.339196,173.01,0,0,0,0,0,0,0,0,0,0,0,0,0
4521,508.239606,144.17,0,0,0,0,0,0,0,0,494.79,0,0,0,0
11205,435.256406,384.72,0,0,0,1026.2,1454.42,1225.95,0,0,0,0,0,0,0
7461,491.285646,182.99,0,0,0,0,0,0,0,0,0,0,0,0,0
7381,528.338276,183.92,0,0,0,0,0,0,0,0,0,0,0,0,0
10530,622.324186,252.22,0,0,0,0,0,0,0,0,0,0,0,0,0
4962,490.246566,150.19,0,0,0,0,0,0,0,0,0,0,0,0,0
6331,531.268496,167,0,0,0,0,0,0,0,780.09,597.27,1006.95,0,0,0
5954,644.305126,166.08,509.35,0,0,0,0,0,0,1724.97,1997.53,2364.75,663.44,806.47,721.28
4107,753.378196,139.42,0,0,0,0,0,0,0,0,0,0,0,0,0
7604,666.842886,185.13,0,0,0,0,0,0,0,0,0,0,0,0,0
1747,705.292066,226.68,0,0,0,0,0,0,0,0,0,0,0,0,0
2161,480.909616,302.18,0,0,0,1603.28,1684.4,1363.38,0,0,0,0,0,0,0
8341,532.318146,196.43,0,0,0,3019.87,3186.39,3249.57,0,0,0,0,0,0,0
2808,330.062326,50.05,0,0,0,2329.21,0,3200.21,0,0,0,0,0,0,0
1875,736.405516,233.66,0,0,0,0,0,0,0,0,0,0,0,0,0
3859,500.272916,133.91,0,0,0,0,0,0,0,0,0,0,0,0,0
332,264.151596,135.65,319.98,0,0,0,0,0,0,840.11,738.28,757.57,0,0,0
5587,546.338786,161.07,0,0,0,0,0,0,0,0,0,0,0,0,0
9786,556.296046,224.02,0,0,0,0,0,0,0,0,0,0,0,0,0
3622,430.246996,127.47,0,0,0,0,0,0,0,0,0,0,0,0,0
3150,110.147586,54.33,0,0,0,0,0,0,0,0,0,0,0,0,0
9297,663.354516,214.65,0,0,0,0,0,0,0,0,0,0,0,0,0
5696,553.270386,160.69,0,0,0,0,0,0,0,0,0,0,0,0,0
11494,508.383666,463.13,509.51,0,398.53,0,0,0,0,506.65,330.77,403.11,533.34,0,278.81
1745,540.146346,226.46,0,0,0,1002.43,736.6,887.41,0,0,0,0,0,0,0
5706,497.235586,162.44,0,0,0,0,0,0,0,0,0,0,0,0,0
3865,542.294066,134.08,0,0,0,0,0,0,0,0,0,0,0,0,0
7824,230.140886,189.84,0,0,0,0,0,0,0,0,0,0,0,0,0
4836,533.307436,149.85,0,0,0,0,0,0,0,0,0,0,0,0,0
6412,558.318786,169.11,0,0,0,0,0,0,0,686.14,691.45,588.65,0,0,0
8434,570.331576,197.99,0,0,0,0,0,0,0,0,0,0,0,0,0
8439,426.117506,198.05,0,0,0,0,0,0,0,724.3,599.2,693.05,0,0,0
3867,545.319336,134.14,0,0,0,0,0,0,0,0,0,0,0,0,0
1604,407.077676,218.93,0,0,0,1663.32,1466.74,1601.52,0,0,0,0,0,0,0
3085,574.128216,55.06,0,0,0,0,0,0,0,0,0,0,0,0,0
11387,419.163756,440.41,0,0,0,661.98,870.76,871.7,0,0,0,0,0,0,0
2231,128.060656,317.45,0,0,0,1597.1,1479.84,1683.42,0,0,0,0,0,0,0
11139,609.275076,348.5,0,0,0,877.87,1391.97,1618.43,0,0,0,0,0,0,0
4834,418.248116,149.67,0,0,0,0,0,0,0,0,0,0,0,0,0
11613,399.311996,485.82,620.45,899.61,0,0,0,0,0,1103.17,859.08,894.53,0,0,822.24
5967,550.325186,165.72,0,0,0,1477.24,1739.2,1490.61,0,0,0,0,0,0,0
10968,436.318326,304.03,0,0,0,0,0,0,0,1941.39,1911.64,1910.05,0,0,0
4924,486.292246,150.28,0,0,0,0,0,0,0,0,0,0,0,0,0
5302,586.358846,156.94,0,0,0,0,0,0,0,0,0,0,0,0,0
10575,451.093326,257.93,0,0,0,0,0,0,0,737.12,798.52,598.39,0,0,0
357,759.336736,138.05,0,0,0,0,0,0,0,0,0,0,0,0,0
7015,713.416026,179.01,0,0,0,0,0,0,0,0,0,0,0,0,0
4658,456.282676,148.01,0,0,0,0,0,0,0,0,0,0,0,0,0
8225,678.417796,196.41,0,0,0,0,0,0,0,0,0,0,0,0,0
3396,457.207876,57.84,0,0,0,0,0,0,0,558.2,0,0,0,0,0
10369,582.176756,242.64,0,0,0,0,0,0,0,0,0,0,0,0,0
5514,559.292326,159.98,0,0,0,0,0,0,0,0,0,0,0,0,0
6065,530.272036,164.73,0,0,0,0,0,0,0,0,0,0,0,0,0
10468,425.219186,247.66,0,0,0,1232.18,1319.69,1341.03,0,0,0,0,0,0,0
6828,553.332906,176.39,0,0,0,0,0,0,0,0,0,0,0,0,0
7364,560.306076,181.99,0,0,0,0,0,0,0,0,0,0,0,0,0
7328,275.156916,180.92,0,538.6,0,0,0,0,0,1682.24,1382.13,1582.53,0,0,0
2110,439.214546,285.15,0,0,0,0,0,0,0,0,0,0,0,0,0
8911,296.175016,207.25,0,0,0,0,0,0,0,1331.34,1363.11,1318.39,0,0,0
11123,406.036706,344.58,0,0,0,3077.07,3092.49,3122.28,0,0,0,0,0,0,0
4705,392.186606,148.19,0,0,0,0,0,0,0,0,0,0,0,0,0
8738,517.247026,202.74,0,0,0,0,0,0,0,623.08,0,0,0,0,0
11303,705.478616,425.2,0,0,0,0,0,0,0,947.87,904.07,906.79,0,0,0
11442,425.290096,452.36,0,0,0,0,0,0,0,0,0,0,0,0,0
4487,477.238416,145.45,0,0,0,0,0,0,0,0,0,0,0,0,0
11676,584.472076,500.8,886.7,1105.92,1038.46,0,0,0,0,1469.73,1530.91,1592.59,866.73,1023.56,810.33
2545,569.253366,46,0,0,0,690.92,747.74,825.79,0,0,0,0,0,0,0
11168,479.322296,356.61,0,0,0,0,0,0,0,0,0,0,0,0,0
8312,672.347966,196.18,0,0,0,0,0,0,0,0,0,0,0,0,0
3345,504.209346,57.11,0,0,0,0,0,0,0,655.4,792.94,856.93,0,0,0
8492,530.260106,198.71,0,0,0,0,0,0,0,0,0,0,0,0,0
3247,582.323536,56.74,0,0,0,0,0,0,0,0,0,0,0,0,0
10301,729.396476,239.73,0,0,0,0,0,0,0,0,0,0,0,0,0
5190,514.281666,154.89,0,0,0,0,0,0,0,0,0,0,0,0,0
3130,195.149636,53.83,0,0,0,0,0,0,0,766.95,0,489.56,0,0,0
4651,407.239716,148.06,0,0,0,3107.28,3514.74,3710.46,0,0,0,0,0,0,0
4504,457.219446,143.59,333.18,0,0,0,0,0,0,1187.22,1127.51,1289.69,0,0,0
5228,399.264336,156.24,0,0,0,0,0,0,0,0,0,0,0,0,0
10672,811.497106,266.4,0,0,0,658.55,620.95,788.52,0,0,0,0,0,0,0
6208,532.322936,167.66,0,0,0,0,0,0,0,0,0,0,0,0,0
9575,705.393306,220.97,0,0,0,0,0,0,0,0,0,0,0,0,0
10679,299.123846,268.71,698.65,437.49,421.44,0,0,0,0,635.6,0,811.98,576.02,716,517.92
1537,306.209936,215.29,0,0,0,0,0,0,0,0,0,0,1407.9,1528.83,1383.23
7307,474.200316,180.91,0,0,0,0,0,0,0,390.74,554.77,557.79,0,0,0
8186,493.266456,194.47,0,0,0,1076.86,916.46,1107.09,0,0,0,0,0,0,0
9017,650.338306,208.5,0,0,0,0,0,0,0,0,0,0,0,0,0
5631,576.270186,161.6,0,0,0,0,0,0,0,0,0,0,0,0,0
6367,553.333436,170.04,0,0,0,0,0,0,0,0,0,0,0,0,0
1840,180.089736,231.79,1101.4,1153.69,1107.32,0,0,0,0,3547.77,4220.84,4624.96,1068.18,905.83,0
5187,557.327976,154.77,0,0,0,0,0,0,0,0,0,0,0,0,0
5360,486.292446,157.4,0,0,0,0,0,0,0,0,0,0,0,0,0
1616,823.473076,219.65,0,0,0,0,0,0,0,0,0,0,0,0,0
5677,748.369346,163.33,0,0,0,0,0,0,0,0,0,0,0,0,0
1820,714.409906,231.07,0,0,0,0,0,0,0,0,0,0,0,0,0
3149,500.236616,55.59,0,0,0,0,0,0,0,0,0,0,0,0,0
11220,313.247276,391.45,2153.9,2012.94,2263.78,0,0,0,0,2225.3,1982.89,2380.78,2286.36,2284.74,2169.6
5511,598.345476,159.42,0,0,0,0,0,0,0,0,0,0,0,0,0
7672,638.349496,187.35,0,0,0,0,0,0,0,0,0,0,0,0,0
2772,712.247416,47.97,0,0,0,1727.91,1879.96,1525.89,0,0,0,0,0,0,0
4466,399.239016,145.87,0,0,0,0,0,0,0,0,0,0,0,0,0
11017,380.056846,308.35,0,0,0,74701.78,73544.37,72905.38,0,0,0,0,0,0,0
9721,613.261056,221.97,0,0,0,0,0,0,0,0,336.45,0,0,0,0
2976,319.187626,53.13,0,0,0,0,0,0,0,0,0,0,0,0,0
9950,469.103276,228.43,0,0,0,0,0,0,0,1404.51,1220.32,1582.17,0,0,0
11667,327.261716,494.94,0,0,1002.37,0,0,0,0,0,0,0,0,0,0
379,670.366176,139.12,0,0,0,0,0,0,0,0,0,0,0,0,0
1408,618.827836,207.66,0,0,0,0,0,0,0,0,0,0,0,0,0
9404,624.328736,214.46,0,0,0,0,0,0,0,0,0,0,0,0,0
4666,230.166096,147.59,0,611.14,689.8,0,0,0,0,2767.9,2483.33,2700.45,748.33,0,0
5408,597.286336,159.91,0,0,0,0,0,0,0,0,0,0,0,0,0
2692,365.194186,47.58,0,0,0,2981.5,3049.3,0,0,0,0,0,0,0,0
4928,513.306206,150.37,0,0,0,930.51,849.59,982.96,0,0,0,0,0,0,0
11273,493.180716,412.39,0,0,0,980.71,1185.21,1032.3,0,0,0,0,0,0,0
6378,706.321726,170.06,0,0,0,0,0,0,0,0,0,0,0,0,0
3099,628.293406,56.16,0,0,0,0,0,0,0,0,0,0,0,0,0
2214,322.939866,310.52,938.34,1022.97,938.05,0,0,0,0,1768.16,1893.3,1625.9,0,0,0
5853,504.268666,162.06,0,0,0,0,0,0,0,0,0,0,0,0,0
8732,463.293816,203.75,0,0,0,4806.53,5410.34,5409.01,0,0,0,0,0,0,0
9429,489.311906,216.78,0,0,0,3247.18,3690.44,3748.9,0,0,0,0,0,0,0
9116,594.292916,208.9,0,0,0,0,0,0,0,0,594.8,528.07,0,0,0
2906,442.268256,49.46,0,0,0,0,0,0,0,0,0,0,0,0,0
4393,527.357536,143.6,0,0,0,2630.77,3081.78,2489.26,0,0,0,0,0,0,0
6272,485.261176,166.63,0,0,0,0,0,0,0,366.01,0,0,0,0,0
6654,461.288626,175.3,0,0,0,0,0,0,0,0,0,0,0,0,0
17,408.192096,44.94,0,0,0,0,0,0,0,1913.18,1792.46,2077.49,0,0,0
5242,377.151326,156.87,0,0,0,0,0,0,0,0,1048.13,0,0,0,0
2339,443.385696,394.49,0,0,0,0,0,0,0,0,0,0,0,0,0
6338,432.210526,167.53,0,0,0,0,0,0,0,362.69,0,0,0,0,0
10579,458.071606,257.84,0,0,0,2704.39,3171.55,3076.38,0,0,0,0,0,0,0
4976,544.285566,150.41,0,0,0,0,0,0,0,0,0,0,0,0,0
2259,399.289236,330.29,0,0,0,0,0,0,0,0,0,0,0,0,0
7954,465.233636,189.99,0,0,0,0,0,0,0,1187.27,1121.87,1035.92,0,0,0
6636,357.188106,173.06,0,578.08,494.99,0,0,0,0,1614.27,1578.92,1646.21,443.01,0,0
9161,806.409686,211.06,0,0,0,0,0,0,0,0,0,0,0,0,0
4408,565.262126,144.43,0,0,0,0,0,0,0,0,0,0,0,0,0
7339,507.282076,181.33,0,0,0,0,0,0,0,718.13,1074.08,1009.53,0,0,0
2423,308.156866,482.77,0,0,0,0,0,0,0,0,0,0,1321.93,1392.01,1450.99
11359,441.285286,431.82,0,608.93,0,0,0,0,0,737.13,656.7,892.68,973.6,1048.53,961.23
9277,592.336236,211.94,0,0,0,962.07,925.45,579,0,0,0,0,0,0,0
8446,576.342626,198.86,0,0,0,0,0,0,0,627.16,619.34,763.35,611.84,0,815.32
11551,526.430456,481.84,0,271.5,0,0,0,0,0,0,0,0,496.2,0,0
6598,515.321596,172.51,0,0,0,1355.05,1567.75,1685.19,0,0,0,0,0,0,0
10823,446.099186,280.33,0,0,0,1989.26,2801.56,1743.17,0,0,0,0,0,0,0
11358,467.207686,431.49,0,0,0,975.79,899.73,1100.82,0,0,0,0,0,0,0
10392,469.105216,244.66,0,0,0,662.9,0,644.42,0,0,0,0,0,0,0
11663,677.478796,497.65,0,0,0,0,0,0,0,738.63,0,0,0,0,0
10217,469.106076,235.78,0,0,0,637.3,608.29,541.45,0,0,0,0,0,0,0
6781,302.199956,174.02,0,0,0,0,0,0,0,0,0,0,0,0,0
10472,651.406796,247.45,0,0,0,0,0,0,0,1583,1466.65,1966.16,0,0,0
198,334.121966,58.78,0,0,0,0,0,0,0,0,0,0,0,0,0
2595,446.244426,47.46,0,0,0,0,0,0,0,0,0,0,0,0,0
8743,657.396126,205.65,0,0,0,0,0,0,0,0,0,0,0,0,0
8775,584.291096,203.37,0,0,0,0,0,0,0,749.33,1029.92,1203.83,0,0,0
7608,480.273206,185.11,0,0,0,0,0,0,0,0,0,0,0,0,0
11130,505.424846,348.7,0,0,0,0,0,0,0,0,0,0,2974.94,2627.51,2865.07
4508,323.096076,143.65,0,0,0,0,0,0,0,0,0,0,2392.33,2772.16,2643.54
3893,477.158646,135.11,0,0,0,0,0,0,0,914.73,1142.55,1106.81,0,0,0
7469,581.365156,185.67,0,0,0,0,0,0,0,0,0,0,0,0,0
10517,626.329176,252.14,0,0,0,0,0,0,0,0,0,0,0,0,0
1067,549.186626,184.45,0,0,0,0,0,0,0,0,0,0,0,0,0
11032,456.018376,310.52,0,576.05,471.42,0,0,0,0,2123.9,1908.6,2360.69,665.52,804.62,829.96
10417,390.243196,243.21,0,0,0,0,0,0,0,2864.78,3054.7,2849.66,0,0,0
5211,503.253396,156.82,0,0,0,0,0,0,0,0,0,445.34,0,0,0
4822,499.241216,147.7,0,0,0,0,0,0,0,0,0,0,0,0,0
2838,597.155106,50.4,0,0,0,0,0,0,0,0,0,0,0,0,0
8941,370.182956,206.28,0,0,0,0,0,0,0,0,0,0,0,0,0
2557,341.227126,47.46,0,0,0,0,0,0,0,0,0,0,0,0,0
9930,588.269626,226.42,0,0,0,803.95,577.65,748.83,0,0,0,0,0,0,0
9014,558.279576,208.22,0,0,0,1927.31,1836.25,1993.55,0,0,0,0,0,0,0
4039,549.270196,139.01,0,0,0,0,0,0,0,292.15,0,0,0,0,0
2604,629.350186,46.33,0,0,0,0,0,0,0,0,0,0,0,0,0
8491,463.255446,198.7,0,0,0,0,0,0,0,641,771.28,630.07,0,0,0
3061,84.176976,52.7,0,0,0,0,0,0,0,0,0,0,0,0,0
11199,357.267596,382.38,0,0,0,0,0,0,0,0,631.15,0,0,687.16,0
121,494.740396,54.49,0,0,0,0,0,0,0,0,0,0,0,0,0
4874,540.195426,148.26,0,0,0,0,0,0,0,0,0,0,0,501.4,515.12
8701,245.137026,202.83,0,0,0,0,0,0,0,0,0,0,0,0,0
4221,261.123706,142.08,0,0,0,6729.93,6412.81,5572.38,0,0,0,0,0,0,0
9977,385.151596,229.25,3795.83,4632.67,4106.68,0,0,0,0,24994.7,23549,23056.71,1102.62,1112.97,1424.32
3339,485.310416,58.68,0,0,0,1950.1,2350.77,2207.96,0,0,0,0,0,0,0
11269,450.183646,412.57,0,0,0,4369,4171.7,3349.59,0,0,0,0,0,0,0
5802,433.214526,161.62,0,0,0,1261.35,1335.52,1111.08,0,0,0,0,0,0,0
11708,501.376236,503.51,1637.03,1376.75,1607.43,0,0,0,0,2183.3,1982.04,1865.27,1445.29,1576.55,1476.64
7524,695.407686,186.05,0,0,0,0,0,0,0,0,0,0,0,0,0
3153,509.308906,54.24,0,0,0,0,0,0,0,0,0,0,0,0,0
2291,307.131526,349.02,0,0,0,1349.36,1366.93,877.98,0,0,0,0,0,0,0
3718,513.228586,132.11,0,0,0,0,0,0,0,1426.35,1536.3,1523.87,0,0,0
9793,244.153306,226.76,0,0,0,0,0,0,0,0,0,0,0,0,0
9963,502.254216,228.1,0,0,0,0,0,0,0,0,0,0,0,0,0
9491,681.372336,217.05,0,0,0,0,0,0,0,0,0,0,0,0,0
4207,478.242946,139.92,0,0,0,0,0,0,0,0,0,0,0,0,0
9221,809.420256,212.91,0,0,0,0,0,0,0,0,0,0,0,0,0
4564,433.222606,145.34,0,0,0,0,0,0,0,0,0,0,0,0,0
3462,376.204116,61.67,0,0,0,0,0,0,0,891.74,652.45,905.67,0,0,0
11015,390.008036,307.59,10347.22,12430.63,12598.66,0,0,0,0,42208.15,43945.13,45661.37,25709.09,31129.35,29553.57
6713,326.218636,174.37,0,0,0,0,0,0,0,0,0,0,0,0,0
5850,529.337046,162.15,0,0,0,1288.91,1013,1066.41,0,0,0,0,0,0,0
3671,391.208716,130.21,0,0,0,1052.12,1084.88,1100.42,0,0,0,0,0,0,0
4861,674.348816,150.1,0,0,0,0,0,0,0,0,0,0,0,0,0
7871,620.302726,189.1,0,0,0,0,0,0,0,0,837.98,606.97,0,0,0
3186,366.183906,55.08,0,0,0,0,0,0,0,0,0,0,0,0,0
3036,430.303746,53.06,0,0,0,1245.5,1513.93,1607.52,0,0,0,0,0,0,0
8429,733.360026,198.71,0,0,0,0,0,0,0,0,0,0,0,0,0
3302,526.286136,57.1,0,0,0,0,0,0,0,7925.3,7697.57,7815.45,0,0,0
3239,476.235866,57.47,0,0,0,0,0,0,0,0,0,0,0,0,0
9760,669.396376,222.98,0,0,0,0,0,0,0,0,0,0,0,0,0
3937,552.277506,135.91,0,0,0,0,0,0,0,0,0,0,0,0,0
8436,509.258956,198.04,0,0,0,0,0,0,0,0,0,0,0,0,0
9229,344.190036,213.03,0,0,0,0,0,0,0,0,0,0,0,0,0
7440,470.297796,182.64,0,0,0,0,0,0,0,391.54,362.3,451.15,1901.6,1804.94,1870.39
10257,574.289546,237.84,0,0,0,956.69,728.68,640.76,0,0,0,0,0,0,0
2283,634.311246,348.52,0,0,0,0,0,0,0,0,0,0,0,0,0
7449,493.195536,182.53,0,0,0,0,0,0,0,571.73,559.67,593.86,0,0,0
7558,686.407086,185.23,0,0,0,0,0,0,0,0,0,0,0,0,0
374,216.122766,138.6,0,0,0,766.13,1229.3,1229.81,0,0,0,0,0,0,0
4791,673.322156,148.49,0,0,0,0,0,0,0,1206.87,1394.13,1449.43,0,0,0
11399,512.415326,443.81,538.2,471.34,615.81,0,0,0,0,846.55,605.22,683.64,507.03,0,508.08
5128,603.297106,154.06,0,573.55,0,0,0,0,0,1800.74,1976.6,2229.58,0,0,0
3977,568.285756,137.8,0,0,0,0,0,0,0,0,0,0,0,0,0
3759,373.198366,132.35,0,0,0,1453.99,1335.59,1450.57,0,0,0,0,0,0,0
11262,402.395786,409.35,0,0,0,2089.41,1910.42,1977.12,0,0,0,0,0,0,0
3415,565.333466,58.72,0,623.96,671.69,0,0,0,0,1657.63,1721.07,1527.2,0,0,0
2082,396.289846,278.3,2127.11,2231.99,2097.38,0,0,0,0,8420.92,7821.92,6969.6,0,0,0
4147,452.252466,141.51,0,0,0,0,0,0,0,0,231.14,408.25,0,0,0
6944,449.274436,178.03,0,0,0,0,0,0,0,0,0,0,0,0,0
8558,501.266286,199.43,0,0,0,0,0,0,0,0,0,0,0,0,0
9937,542.404666,227.67,0,0,0,2432.14,2427.81,1815.91,0,0,0,0,0,0,0
8716,578.316066,201.68,0,0,0,0,0,0,0,0,0,0,0,0,0
3708,444.247536,132.39,0,0,0,0,0,0,0,0,0,0,0,0,0
9067,521.272846,207.7,0,0,0,0,0,0,0,0,526.63,611.79,0,0,0
7274,432.215646,183.08,513.03,0,0,0,0,0,0,1991.75,1871.72,1854.81,0,0,0
10073,190.071056,231.65,0,0,0,0,0,0,0,3180.77,2510.13,3515.33,0,0,0
5376,514.286566,159.26,0,0,0,0,0,0,0,720.91,538.22,566.72,0,0,0
3544,399.239126,121.93,0,0,0,0,0,0,0,0,0,0,0,0,0
38,609.298366,47.81,0,0,0,0,0,0,0,0,0,0,0,0,0
213,661.285176,60.23,0,0,0,0,0,0,0,0,0,0,0,0,0
303,364.120496,133.52,0,0,0,0,0,0,0,1365.43,1423.89,1277.74,0,0,0
11137,595.254136,348.06,0,0,0,0,0,0,0,0,505.55,0,0,0,0
10087,453.308486,232.36,0,0,0,0,0,0,0,0,0,0,0,0,0
7261,117.129156,181.1,0,0,0,0,0,0,0,1806.86,1608.36,1535.31,0,0,0
7689,737.408376,187.17,0,0,0,0,0,0,0,0,0,0,0,0,0
9334,286.171396,214.28,0,0,0,0,0,0,0,1074.33,1417.02,1207.27,0,0,0
2689,584.268816,47.07,0,0,0,12178.05,8655.9,10588.13,0,0,0,0,0,0,0
7204,567.275906,181.93,8344.67,8552.84,8211.03,0,0,0,0,31275.88,31247.83,0,4678.54,5796.45,6843.25
5382,641.306426,157.99,0,0,0,0,0,0,0,0,0,0,0,0,0
6055,658.300986,164.18,0,0,0,0,0,0,0,0,0,0,0,0,0
5990,602.281846,163.89,0,0,0,0,0,0,0,0,0,0,0,0,0
4590,581.878116,145.79,0,0,0,0,0,0,0,2775.81,2983.97,2944.19,1739.09,2019.42,2432.91
10183,419.163666,234.64,0,0,0,0,0,0,0,3651.38,3546.54,3673.66,0,0,0
2802,521.237296,49.73,0,0,0,875.9,1297.91,1395.88,0,0,0,0,0,0,0
3644,683.309776,127.49,0,0,0,0,0,0,0,0,0,0,0,0,0
5622,493.242566,160.36,0,0,0,0,0,0,0,539.81,494.16,537.68,0,0,0
1023,602.813876,182.31,0,0,0,0,0,0,0,0,0,0,0,0,0
3510,678.320276,78.83,0,0,0,0,0,0,0,0,0,0,0,0,0
2142,453.229446,297.1,0,0,0,0,0,0,0,0,0,0,0,0,0
4057,312.204016,139.04,0,0,0,0,0,0,0,0,0,0,0,0,0
7609,544.242406,185.16,0,0,0,0,0,0,0,642.06,604.03,0,0,0,0
4711,574.316796,147.16,0,0,0,0,0,0,0,0,0,0,0,0,0
3496,230.141206,75.25,0,0,0,0,0,0,0,0,0,0,0,0,0
4777,407.196106,149.88,0,0,0,0,0,0,0,0,0,0,0,0,0
2857,452.226636,50.85,1618.65,1619.34,1737.02,0,0,0,0,5217.57,4131.86,0,2038.01,2286.76,3010.79
5856,597.278436,162.27,0,0,0,0,0,0,0,0,0,0,0,0,0
3709,555.275016,131.91,2074.54,1880.56,2053.5,0,0,0,0,5036.92,5360.87,5300.74,0,1587.01,0
6411,636.298696,169.06,0,0,0,0,0,0,0,539.03,673.17,595.95,0,0,0
6013,543.312616,165.4,0,0,0,0,0,0,0,369.16,305.02,0,0,0,0
8103,796.457386,192.94,0,0,0,0,0,0,0,0,0,0,0,0,0
7144,567.275686,179.35,0,0,4559.4,0,0,0,0,18346.18,18802.93,33613.25,2641.72,3447.41,4372.2
10902,412.081896,287.74,0,0,0,0,0,0,0,0,0,0,0,0,0
8067,539.281226,191.79,0,0,0,0,0,0,0,0,10920.41,14424.13,2690.66,0,2448.71
4569,555.389586,144.52,0,0,0,1000.37,465.86,643.12,0,0,0,0,0,0,0
6867,343.174176,176.49,0,0,0,0,0,0,0,0,0,0,1195.18,1240.77,1277.81
5474,569.290446,159.75,0,504.95,0,0,0,0,0,1523.56,1365.14,1479.69,0,325.53,451.52
11675,512.502996,499.59,9153.7,10201.58,9956.28,0,0,0,0,11222.59,11982.59,10672.42,9687.28,9019.71,8965.66
10228,618.331636,237.33,0,0,0,0,0,0,0,0,0,0,0,0,0
8098,698.409006,194.64,0,0,0,0,0,0,0,0,0,0,0,0,0
6098,704.305166,164.83,0,0,0,0,0,0,0,0,0,0,0,0,0
5471,577.296226,160.11,0,0,0,0,0,0,0,0,0,0,0,0,0
6083,484.272496,165.72,0,0,0,0,0,0,0,0,0,0,0,0,0
11384,419.164716,438.84,637.21,884.21,646.58,0,0,0,0,2082.74,2428.73,2502.31,0,0,0
2603,531.151676,46.14,1146.01,1124.41,848.15,0,0,0,0,0,0,0,0,0,0
6608,533.276066,172.87,0,0,0,3068.86,2851.09,3062.29,0,0,0,0,0,0,0
8200,559.347286,195.36,0,0,0,1714.42,1952.99,1841.2,0,0,0,0,0,0,0
10404,481.066746,242.92,0,670.47,614.82,0,0,0,0,2479.66,2481.86,2405.37,0,0,0
2948,528.264636,50.58,0,0,0,0,0,0,0,0,0,0,0,0,0
8800,564.311256,203.93,0,0,0,0,0,0,0,0,0,0,0,0,0
6814,607.296356,174.56,0,0,0,0,0,0,0,0,0,0,0,0,0
4630,584.245576,146.34,0,0,0,0,0,0,0,637.19,682.36,649.75,0,0,0
1276,859.458686,198.17,0,0,0,0,0,0,0,0,0,0,0,0,0
98,150.145336,52.77,0,0,0,0,0,0,0,591.18,771.84,865.82,0,0,0
5605,656.363966,159.96,0,0,0,0,0,0,0,0,0,0,0,0,0
6973,533.244316,176.8,0,0,0,3146.6,3248.06,3101.8,0,0,0,0,0,0,0
6627,394.178296,173.13,0,0,0,958.28,1198.5,851.44,0,0,0,0,0,0,0
9453,440.297056,215.94,0,0,0,0,0,0,0,0,0,0,0,0,0
10490,469.266366,249.58,1186.66,1470.59,1191.41,0,0,0,0,4857.07,4568.79,4491.31,770.43,1145.55,979.29
7624,450.174346,185.86,0,0,0,0,0,0,0,766.58,510.38,917.61,0,0,0
10059,190.031566,231.78,0,0,0,2455.69,3146.75,3591.32,0,0,0,0,0,0,0
9406,244.153756,214.64,0,0,0,0,0,0,0,0,0,0,0,0,0
2362,358.369056,408.64,0,0,0,5717.21,4229.11,4888.64,0,0,0,0,0,0,0
9042,591.334806,208.12,0,0,0,0,0,0,0,0,0,0,0,0,0
9088,473.276586,210.51,0,0,0,0,0,0,0,0,0,0,0,0,0
5554,558.325916,159.3,0,0,0,893.39,1233.67,1096.4,0,0,0,0,0,0,0
10932,345.168506,296.03,0,0,0,949.21,1166.55,928.97,0,0,0,0,0,0,0
10844,557.295636,280.88,0,0,0,0,0,0,0,0,0,0,0,0,0
5535,582.348786,160.61,0,0,0,0,0,0,0,0,0,0,0,0,0
9627,571.320026,220.48,0,0,0,0,0,0,0,0,0,0,0,0,0
6772,422.242546,175.62,0,0,0,0,0,0,0,0,0,0,0,0,0
3852,671.205766,135.38,0,0,0,5071.11,4592.66,4012.11,0,0,0,0,0,0,0
1171,877.578306,190.75,0,0,0,0,0,0,0,0,0,0,0,0,0
2204,224.019816,308.35,0,0,0,2713.39,2858.21,2907.92,0,0,0,0,0,0,0
486,770.392066,144.05,0,0,0,0,0,0,0,0,0,0,0,0,0
11073,467.070136,322.83,0,0,0,985.55,0,1278.03,0,0,0,0,0,0,0
5759,330.213186,161.61,0,0,0,0,0,0,0,0,0,0,0,0,0
2383,605.294876,443.26,0,0,0,0,0,0,0,0,0,0,0,0,0
2225,755.255666,314.92,0,0,0,0,0,0,0,0,0,0,0,0,0
4078,309.156856,139.36,0,0,0,0,0,0,0,0,0,0,0,0,0
11386,425.217166,439.82,2602.21,2512.72,2766.51,0,0,0,0,4342.23,4317.44,4943.56,2134.21,2112.86,2168.97
3588,504.219016,124.45,0,0,0,0,0,0,0,338.65,0,410.21,0,0,0
3264,548.256156,55.86,0,0,532.52,0,0,0,0,930.43,1133.74,1119.35,0,0,0
2365,474.380046,417.16,0,0,0,0,0,0,0,0,0,0,0,0,0
10782,515.968036,277.13,0,0,0,0,0,0,0,1483.59,1281.94,1679.51,0,0,0
2941,404.243136,50.21,0,0,0,0,0,0,0,515.58,0,492.54,0,0,0
7802,568.296666,190.21,0,0,0,0,0,0,0,0,0,0,0,0,0
4687,455.215466,148.52,0,0,0,0,0,0,0,0,0,0,0,0,0
7659,553.332796,187.02,0,0,0,0,0,0,0,0,0,0,0,0,0
8630,621.295446,202.46,0,0,0,0,0,0,0,0,0,0,0,0,0
9648,597.395036,221.98,0,0,0,0,0,0,0,0,0,0,0,0,0
5465,190.104286,158.24,0,0,0,0,0,0,0,0,0,0,0,0,0
10606,462.239916,260.06,665.87,578,737,0,0,0,0,2233.86,2387.83,2435.4,786.93,551.49,0
4193,508.251306,140.86,0,0,0,0,0,0,0,0,0,0,0,0,0
1110,200.174836,187.35,0,0,0,0,0,0,0,0,0,0,0,0,0
11510,570.459606,471.82,0,0,0,897.19,1152.8,996.28,0,0,0,0,0,0,0
3525,309.182236,104.1,0,0,0,1068.07,1106.6,1266.18,0,0,0,0,0,0,0
5980,413.279106,165.94,0,0,0,0,0,0,0,0,0,0,0,0,0
10617,560.304006,258.15,0,0,0,0,0,0,0,0,0,0,0,0,0
3376,487.262386,58.59,0,0,0,0,0,0,0,0,0,0,0,0,0
5950,619.326136,163.69,0,0,0,0,0,0,0,0,0,0,0,0,0
11079,408.052086,324.24,0,0,0,7695.65,7394.2,7727.9,0,0,0,0,0,0,0
5524,522.267346,160.72,0,0,0,0,0,0,0,670.54,0,582.86,0,0,0
11031,456.018736,310.49,0,0,0,3177.41,2687.74,2727.6,0,0,0,0,0,0,0
3602,135.028946,127.71,0,0,0,1042.74,1038.16,910.56,0,0,0,0,0,0,0
8118,479.288876,193.04,0,0,0,1035.73,1216.57,991.48,0,0,0,0,0,0,0
6984,471.260826,178.45,723.79,674.18,729.78,0,0,0,0,1996.72,2555.32,2404.24,0,453.4,0
253,411.167186,126.04,0,0,0,653.78,493.02,584.32,0,0,0,0,0,0,0
4784,555.275886,149.19,0,0,0,0,0,0,0,0,0,0,0,0,0
8038,120.150726,193.21,0,0,0,0,0,0,0,0,0,0,0,0,0
6796,659.339486,175.95,0,0,0,0,0,0,0,0,0,0,0,0,0
11489,355.289536,461.19,0,0,0,0,0,0,0,0,0,931.71,0,902.86,0
9563,603.353566,218.93,0,0,0,2037.53,1866.66,2467.42,0,0,0,0,0,0,0
11429,443.300166,450.27,0,0,0,0,0,0,0,0,0,0,0,0,0
1546,553.816176,216.08,0,0,0,0,0,0,0,0,0,0,0,0,0
6000,642.277476,165.03,0,0,0,0,0,0,0,0,0,0,0,0,0
2928,491.223466,50.17,655.99,598.31,696.79,0,0,0,0,1784.8,1598.42,1330.11,518.35,554.53,574.56
5598,561.284096,162.02,0,0,0,0,0,0,0,0,0,0,0,0,0
4730,702.369966,147.31,0,0,0,0,0,0,0,0,0,0,0,0,0
9418,602.262346,216.56,0,0,0,0,0,0,0,0,0,0,0,0,0
9624,523.290686,221.8,0,0,0,0,0,0,0,0,0,0,0,0,0
2597,338.208006,45.2,0,0,0,894.15,1034.42,1070.26,0,0,0,0,0,0,0
8762,544.265376,203.17,0,0,0,0,0,0,0,648.32,546.46,560.33,0,0,0
5937,556.302896,163.49,0,0,0,0,0,0,0,0,0,0,0,0,0
5304,233.155056,157.24,0,0,0,0,0,0,0,0,0,0,0,0,0
2999,673.353546,53.86,0,0,0,1144.45,1593.79,1817.28,0,0,0,0,0,0,0
5876,529.297926,162.57,0,0,0,0,0,0,0,0,0,0,0,0,0
8422,618.323366,198.82,0,0,0,0,0,0,0,0,0,0,0,0,0
7778,152.114256,188.9,0,0,0,0,0,0,0,0,0,0,0,0,0
9176,637.427256,211.53,0,0,0,0,0,0,0,0,0,0,0,0,0
2637,712.248866,47.61,0,0,0,2705.01,2355.33,1894.81,0,0,0,0,0,0,0
2816,618.253486,50.47,0,0,0,4558.86,3474.53,3574.21,0,0,0,0,0,0,0
11601,487.360916,484.12,0,0,0,0,0,0,0,0,0,841.59,489.25,0,0
9321,499.291646,214.46,0,0,0,0,0,0,0,722.1,802.8,872.01,0,0,0
819,209.161296,163.92,0,0,0,0,0,0,0,0,0,0,0,0,0
3320,441.189076,57.25,0,0,0,1934.1,1852.94,1461.55,0,0,0,0,0,0,0
2483,392.071156,507.24,0,0,0,958.62,820.45,697.98,0,0,0,0,0,0,0
8578,184.116586,201.27,0,0,0,0,0,0,0,1085.89,1388.26,1067.87,0,0,0
6493,431.231206,172.15,0,0,0,0,0,0,0,0,0,0,0,0,0
10866,556.308216,284.22,0,0,0,0,0,0,0,0,0,0,0,0,0
9610,380.058026,220.51,0,0,0,1405.03,1415.8,1497.79,0,0,0,0,0,0,0
2558,712.248126,46.51,0,383.71,0,0,0,0,0,0,721.33,1765.22,846.68,1199.66,1010.9
7323,459.260926,182.83,0,0,0,0,0,0,0,0,395.74,529.18,0,0,0
8046,772.423976,192.63,0,0,0,0,0,0,0,0,0,0,0,0,0
442,880.278096,141.99,0,0,0,842.48,751.3,665.6,0,0,0,0,0,0,0
10481,309.081906,247.23,0,0,0,0,0,0,0,1171.77,1232.65,1231.22,0,0,0
9431,426.200976,216.79,0,0,0,0,0,0,0,0,0,0,0,0,0
792,519.636076,162.69,0,0,0,4544.41,4286.47,4747.73,0,0,0,0,0,0,0
8239,543.347816,194.67,0,0,0,0,0,0,0,0,0,0,0,0,0
3780,454.251266,132.72,0,0,0,0,0,0,0,0,0,0,0,0,0
7849,530.315366,189.65,0,0,0,914.9,922.11,920.48,0,0,0,0,0,0,0
2158,231.031176,301.88,0,0,0,0,0,0,0,1025.41,0,0,0,0,0
5676,262.117966,162.37,0,0,0,0,0,0,0,1159.41,1319.23,1264.68,0,0,0
8229,410.032076,196.43,0,0,0,3097.8,2934.05,3735.78,0,0,0,0,0,0,0
9595,453.110146,220.53,0,0,0,59804.86,62426.27,56030.05,0,0,0,0,0,0,0
11297,815.513876,423.48,0,0,0,555.37,439.18,763.64,0,0,0,0,0,0,0
7125,601.395076,181.08,0,0,0,1794.07,1929.62,2937.92,0,0,0,0,0,0,0
3055,592.265786,53.06,1245.9,1112.06,1586.62,0,0,0,0,2917.39,3284.44,2611.02,1677.95,1157.6,1510.61
11711,379.282578,506.43,0,0,0,1097.34,1093.21,1329.15,0,0,0,0,0,0,0
2566,681.317188,46.38,2869.35,1261.38,1167.17,0,0,0,0,8776.05,5241.73,8945.85,2093.62,1668.83,1146.89
8588,325.164888,199.66,0,0,0,0,0,0,0,582.37,577.72,640.89,0,0,0
5450,468.330168,159.99,0,0,0,1783.17,1788.09,1894.13,0,0,0,0,0,0,0
10751,487.053228,274.54,0,0,0,0,0,0,0,789,797.01,748.63,0,0,0
8036,438.203728,191.6,0,0,0,0,0,0,0,603.57,740.39,778.77,0,0,0
7777,216.099068,188.8,0,0,0,0,0,0,0,0,0,0,0,0,0
3028,460.244018,52.11,0,0,0,0,0,0,0,0,0,0,0,0,0
7434,399.206448,184.37,0,0,0,0,0,0,0,0,0,0,0,0,0
6487,594.292338,169.83,0,0,0,1600.82,1361.69,1003.74,0,0,0,0,0,0,0
2429,393.104578,483.14,0,0,0,964.14,721.15,743.51,0,0,0,0,0,0,0
10027,429.251018,230.17,0,0,0,3728.26,4063.71,3595.16,0,0,0,0,0,0,0
10962,381.157418,302.34,0,0,0,0,0,0,0,0,1456.04,1690.65,0,0,0
3850,524.307438,133.45,0,0,0,0,0,0,0,0,0,0,0,0,0
9916,632.306098,226.94,0,0,0,0,0,0,0,0,0,0,0,0,0
9152,183.090808,211.61,0,0,0,2435.4,3752.98,3695.45,0,0,0,0,0,0,0
4005,397.256388,136.97,0,0,0,606.65,691.47,481.35,0,0,0,0,0,0,0
4712,508.193278,146.77,0,0,0,0,0,0,0,920.56,956.11,793.24,0,0,0
4348,486.291848,141.08,0,0,0,0,0,0,0,0,0,0,0,0,0
3907,701.372348,135.23,0,0,0,0,0,0,0,0,0,0,0,0,0
6951,357.188498,176.87,0,0,0,0,0,0,0,1565.56,1352.78,1513.47,0,0,0
2600,462.220748,46.42,0,0,0,0,0,0,0,0,0,0,0,0,0
7759,334.035488,189.02,0,0,0,0,0,0,0,0,0,0,0,0,0
9644,523.251928,221.62,0,0,0,0,0,0,0,0,0,0,0,0,0
6517,577.232578,170.1,0,0,0,0,0,0,0,851.64,616.72,607.1,1098.3,1118.66,1154.78
10170,432.241048,233.9,0,0,0,0,0,0,0,0,0,0,0,0,0
4821,603.313358,148.17,0,0,0,0,0,0,0,0,0,0,0,0,0
7693,548.343738,187.86,0,0,0,5896.5,8451.42,8490.22,0,0,0,0,0,0,0
3393,465.283238,57.48,0,0,0,0,0,0,0,0,0,0,0,0,0
7214,717.394458,181.62,0,0,0,5654.85,5606.98,5824.24,0,0,0,0,0,0,0
11077,430.033928,324.24,0,0,0,1102.56,1095.95,1172.8,0,0,0,0,0,0,0
10288,429.250868,239.81,0,0,0,3569.52,3969.88,3291.58,0,0,0,0,0,0,0
2991,527.246838,53.5,0,0,0,0,4666.96,4981.23,0,0,0,0,0,0,0
2541,631.307408,46,0,0,0,1644.09,1651.39,1640.27,0,0,0,0,0,0,0
7101,513.267308,181.02,0,0,0,0,0,0,0,579.44,476.22,514.65,0,0,0
10797,367.143078,280.36,3551.5,2833.15,3356.08,0,0,0,0,0,0,3117.17,2824.2,3351.51,2536.97
8565,309.160068,199.65,0,0,0,1550.11,1026.51,1241.74,0,0,0,0,0,0,0
2837,355.242518,51.01,0,0,0,0,0,0,0,0,0,0,0,0,0
7359,699.398338,183.3,0,0,0,0,0,0,0,0,0,0,0,0,0
7024,327.176618,178.61,0,0,0,0,0,0,0,0,0,0,0,0,0
2870,282.145648,49.22,0,0,0,2720.49,3354.21,3185.11,0,0,0,0,0,0,0
5202,547.247908,156.72,0,0,0,0,0,0,0,962.48,1118.85,1257.84,0,0,0
11342,507.331538,431.31,0,0,0,6291.99,6093.17,6698.44,0,0,0,0,0,0,0
11319,683.433598,426.28,1099.73,1388.68,948.13,0,0,0,0,3792.91,3854.94,810.7,1112.04,990.53,748.32
10882,500.245368,287.01,0,0,0,0,0,0,0,0,0,0,0,0,0
4792,586.284588,149.69,0,0,0,0,0,0,0,0,0,0,0,0,0
5852,500.308158,162.04,0,0,0,0,0,0,0,0,0,0,0,0,0
4948,546.311968,151.75,0,0,0,0,0,0,0,0,0,0,0,0,0
5842,568.307978,162.73,0,0,0,0,0,0,0,0,0,0,0,0,0
4094,508.264578,138.98,0,0,0,0,0,0,0,0,0,0,0,0,0
10386,521.328938,243.95,792.89,740.52,765.44,0,0,0,0,2912.9,2603.94,2452.37,687,507.62,500.61
10389,662.315238,244.98,0,0,0,0,0,0,0,0,0,0,0,0,0
11274,416.248658,415,0,0,0,0,0,0,0,1048.46,1109.93,1246.96,0,0,0
11634,409.315238,491.28,0,0,0,13962.47,11616.92,9958.07,0,0,0,0,0,0,0
3702,309.193658,131.77,0,0,0,0,0,0,0,723.04,618.62,753.97,0,0,0
9301,388.223978,214.64,0,0,0,1452.93,1690.72,1475.31,0,0,0,0,0,0,0
3385,400.162558,58.5,0,0,0,565.94,674.82,673.1,0,0,0,0,0,0,0
11418,649.448268,449.81,709.62,1029.28,621.59,0,0,0,0,1861.54,1551.9,1130.25,1072.23,845.43,743.33
11348,551.354568,429.76,1707.87,1719.88,1768.94,0,0,0,0,5905.76,6142.41,6681.04,1589.15,1590.71,1513.42
7008,543.955512666667,178.94,0,0,0,4621.27,4710.84,4570.5,0,0,0,0,0,0,0
8317,685.031056,197.65,0,0,0,0,0,0,0,0,0,0,748.92,1065.73,900.56
4351,590.298362666667,141.28,0,0,0,16793.63,18274.44,18522.95,0,0,0,0,0,0,0
675,595.665189333333,156.45,0,0,0,0,0,0,0,0,0,0,0,0,0
4839,442.220059333333,148.09,0,0,0,0,0,0,0,0,0,0,0,0,0
421,460.627822666667,141.04,0,0,0,0,0,0,0,2332.05,2582.93,2088.66,0,0,0
1065,685.016652666667,184.4,0,0,0,0,0,0,0,0,0,0,0,0,0
483,620.634209333333,143.72,0,0,0,1880.77,0,2151.63,0,0,0,0,0,0,0
554,602.981379333333,148.18,0,0,0,0,0,0,0,0,0,0,0,0,0
6021,672.345356,164.3,0,0,0,13931.15,12861.94,13345.32,0,0,0,0,0,0,0
11351,395.163108,431.84,0,0,0,2126.29,2166.28,2218.54,0,0,0,0,0,0,0
2264,540.213108,330.58,0,0,0,0,0,0,0,0,0,0,0,0,0
2715,430.158978,47.04,497.2,692.78,368.6,0,0,0,0,1227.9,1403.78,1104.12,0,0,0
2871,456.319858,50.12,0,0,0,0,0,0,0,0,0,0,0,0,0
3256,506.296958,56.4,0,0,0,0,0,0,0,0,0,0,0,0,0
3324,504.267518,58.36,0,0,0,0,0,0,0,0,0,0,0,0,0
6474,545.328498,169.46,0,0,0,0,0,0,0,629.77,628.86,687.74,286.78,0,0
6473,505.223638,169.44,0,0,0,0,0,0,0,0,510.7,0,0,0,0
9847,667.382608,225.55,0,0,0,0,0,0,0,0,0,0,0,0,0
6808,489.248848,174.3,0,0,0,1854.72,1911.32,2323.31,0,0,0,0,0,0,0
3839,388.174028,134.16,0,0,0,0,0,0,0,0,0,0,0,0,0
7974,409.284598,190.28,0,0,0,0,0,0,0,631.04,685.38,854.37,0,0,0
4032,392.219878,138.06,0,0,0,0,0,0,0,596.88,529.98,0,0,0,0
2671,280.129948,47.61,0,0,0,3136.26,3379.68,4348.95,0,0,0,0,0,0,0
6854,521.204938,175.53,0,0,0,0,0,0,0,1293.19,1532.28,1975.44,0,0,0
5841,499.298628,162.12,0,0,0,0,0,0,0,0,0,0,0,0,0
9913,487.114888,228.55,0,0,0,647.45,822.63,739.13,0,0,0,0,0,0,0
9461,439.293398,218.42,0,0,0,0,0,0,0,0,0,0,0,0,0
6603,401.172998,172.69,0,0,0,2678.88,2605.6,2605.63,0,0,0,0,0,0,0
4289,315.056478,142.38,2396.37,2356.8,2416.53,0,0,0,0,2644.35,2544.28,2465.39,2730.35,2756.89,2316.51
8643,467.230798,200.33,0,0,0,0,0,0,0,256.5,0,0,0,0,0
3944,419.208328,135.96,0,0,0,0,0,0,0,0,0,0,0,0,0
9777,639.384758,224.11,0,0,0,0,0,0,0,0,0,0,0,0,0
6546,522.269478,172.15,0,0,0,1078.68,1109.61,1100.89,0,0,0,0,0,0,0
5429,383.234728,159.25,0,0,0,0,0,0,0,0,0,0,0,0,0
5832,499.165688,162.02,0,0,0,0,0,0,0,0,0,0,0,0,0
2657,434.207858,46.71,1016.4,1044.97,839.77,0,0,0,0,2502.63,2642.23,2458.04,1055.8,1337.55,1286.9
7872,606.274708,189.14,0,0,0,0,0,0,0,0,0,0,0,0,0
8482,565.252468,198.53,0,0,0,0,0,0,0,541,431.3,598.39,0,0,0
10218,691.400398,236.07,0,0,0,0,0,0,0,0,0,0,0,0,0
3116,537.269138,53.53,0,0,0,0,0,0,0,0,0,0,0,0,0
57,529.334198,50.43,0,0,0,0,0,0,0,893.01,798.93,798.73,0,0,0
4093,569.328108,140.32,0,0,0,0,0,0,0,0,0,0,0,0,0
11576,587.350918,482.95,0,0,0,0,0,0,0,0,0,0,834.69,698.43,608.64
6370,396.196538,168.07,0,0,0,0,0,0,0,0,847.39,976.43,0,0,0
8080,502.264698,192.7,0,0,0,0,0,0,0,0,0,0,0,0,0
2232,663.317388,317.45,0,0,0,1422.3,1788.88,1643.13,0,0,0,0,0,0,0
1773,845.465508,228.12,0,0,0,0,0,0,0,0,0,0,0,0,0
3443,267.097298,60.07,0,0,0,0,0,0,0,362.33,591.42,564.94,0,0,0
7372,534.227328,184.38,0,0,0,0,0,0,0,0,0,0,0,0,0
9228,562.8204226,213.03,0,0,0,0,0,0,0,0,0,0,0,0,0
10193,492.7778276,233.76,1881.06,1781.24,2150.67,0,0,0,0,6440.55,5863.5,7054.78,2875.38,2942.78,3082.71
4188,564.7924126,141.01,0,0,0,0,0,0,0,0,0,0,0,0,0
1213,586.8111276,193.43,0,0,0,0,0,0,0,0,0,0,0,0,0
1607,807.4700126,219.11,0,0,0,0,0,0,0,0,0,0,0,0,0
1161,523.7630826,189.81,0,0,0,0,0,0,0,0,0,0,0,0,0
8025,779.8824226,194,0,0,0,0,0,0,0,0,0,0,0,0,0
678,607.2892626,156.78,0,0,0,0,0,0,0,0,0,0,0,0,0
7298,613.3618926,182.19,0,0,0,0,0,0,0,0,0,0,1059.43,1373.62,1199.02
507,611.3051226,145.52,0,0,0,0,0,0,0,0,0,0,0,0,0
1303,659.8662226,200.25,0,0,0,0,0,0,0,0,0,0,0,0,0
236,485.2417326,62.53,0,0,0,0,0,0,0,0,0,0,0,0,0
5780,736.5904826,161.8,0,0,0,7992.92,7932.03,8949.34,0,0,0,0,0,0,0
9874,741.3923676,227.04,0,0,0,0,0,0,0,0,0,0,0,0,0
7557,550.2690476,185.59,0,0,0,0,0,0,0,0,0,0,2153.32,2379.94,2475.45
86,532.7777826,51.17,0,0,0,0,0,0,0,0,0,0,0,0,0
9809,596.3601526,225.15,0,0,0,0,0,0,0,0,0,0,0,0,0
1486,719.8880626,210.61,0,0,0,0,0,0,0,0,0,0,0,0,0
1290,665.3217876,199.03,0,0,0,0,0,0,0,0,0,0,0,0,0
10815,442.6216726,278.82,0,0,0,0,0,0,0,0,0,0,0,0,0
1853,784.9250876,232.45,0,0,0,0,0,0,0,0,0,0,0,0,0
949,656.7989726,176.54,0,0,0,0,0,0,0,1268.83,972.8,1227.4,0,0,0
895,601.8300676,170.45,0,0,0,0,1932.21,1887.48,0,0,0,0,0,0,0
10327,530.2967776,240.83,0,0,0,0,0,0,0,0,0,0,0,0,0
3102,525.7777926,56.05,0,0,0,0,0,0,0,0,0,0,0,0,0
461,502.2531676,142.82,0,0,0,0,0,0,0,0,0,0,0,0,0
1804,588.3627926,230.28,0,0,0,0,0,0,0,0,0,0,0,0,0
7939,691.3813176,192.19,0,0,0,0,0,0,0,0,0,0,0,0,0
6401,601.8235876,168.79,0,0,0,0,0,0,0,0,0,0,0,0,0
3798,576.3012476,132.66,0,0,0,0,0,0,0,0,0,0,0,0,0
9232,581.7958426,213.27,0,0,0,0,0,0,0,0,0,0,0,0,0
1845,669.3980276,232.18,0,0,0,0,0,0,0,0,0,0,0,0,0
1973,542.2782676,249.1,0,0,0,0,0,0,0,0,0,0,0,0,0
3902,582.3010276,136.1,0,0,0,0,0,0,0,0,0,0,0,0,0
1483,684.3649726,210.49,0,0,0,0,0,0,0,0,0,0,0,0,0
9283,688.3641726,213.92,0,0,0,0,0,0,0,0,0,0,1755.39,1932.58,1761.38
9768,626.8465626,223.29,0,0,0,0,0,0,0,0,0,0,0,0,0
504,604.2960276,145.29,0,0,0,0,0,0,0,0,0,0,0,0,0
869,700.3753526,167.51,0,0,0,3117.92,2599.69,3032.67,0,0,0,0,0,0,0
1179,954.1708476,191.33,0,0,0,4720,4683.63,0,0,0,0,0,0,0,0
158,432.6844376,56.85,0,0,0,0,0,0,0,0,0,0,0,0,0
685,672.3680476,157.32,0,0,0,1028,992.25,964.28,0,0,0,0,0,0,0
700,777.8284826,158.16,0,0,0,0,0,0,0,0,0,0,0,0,0
3220,236.6503876,55.64,0,0,0,0,0,0,0,0,0,0,0,0,0
1223,779.3800626,194.19,0,0,0,0,0,0,0,0,0,0,0,0,0
10215,436.2517676,235.12,0,0,0,0,0,0,0,994.76,1040.05,1155.7,0,0,0
4327,522.2733976,141.79,0,0,0,1823.57,1507.57,1636.02,0,0,0,0,2824.57,2785.63,2063.15
1103,635.7650176,187.24,0,0,0,0,0,0,0,1246.07,1334.35,1291.66,0,0,0
772,536.7717976,161.88,0,0,0,0,0,0,0,0,0,0,0,0,0
7670,551.2987876,187.23,0,0,0,0,0,0,0,0,0,0,0,0,0
1622,691.8595576,219.93,0,0,0,0,0,0,0,0,0,0,0,0,0
1509,707.9214376,213.04,0,0,0,2622.69,2633.42,2935.58,0,0,0,0,0,0,0
6212,772.8529126,166.32,0,0,0,0,0,0,0,1328.14,1380.52,1151.38,0,0,0
1415,662.3664726,207.87,0,0,0,0,0,0,0,0,0,0,0,0,0
5757,557.2910326,161.58,0,0,0,0,0,0,0,0,0,0,0,0,0
1918,584.3249126,238.28,0,0,0,0,0,0,0,0,0,0,0,0,0
878,554.3001576,168.56,0,0,0,1963.48,1631.53,1373.23,0,0,0,0,0,0,0
1743,820.9561726,226.39,0,0,0,0,0,0,0,0,0,0,0,0,0
481,709.5889126,143.72,0,0,0,2102.8,1651.19,1846.39,0,0,0,0,0,0,0
1084,542.8414926,185.72,0,0,0,4053.08,4136.19,3678.88,0,0,0,0,0,0,0
1530,472.2060976,214.71,0,0,0,0,0,0,0,0,0,0,0,0,0
9942,492.7798626,228.03,0,0,0,9029.92,8229.47,7071.36,0,0,0,0,0,0,0
125,617.8076376,54.95,0,0,0,0,0,0,0,0,0,0,0,0,0
1409,603.3042226,207.71,0,0,0,0,0,0,0,0,0,0,0,0,0
808,592.8322626,163.61,0,0,0,0,0,0,0,0,0,0,0,0,0
1477,766.9338526,210.25,0,0,0,0,0,0,0,0,0,0,0,0,0
1891,879.5180676,234.96,0,0,0,0,0,0,0,0,0,0,0,0,0
645,526.7425726,154.12,0,0,0,1951.08,1686.61,2059.02,0,0,0,0,0,0,0
4926,496.7620326,151.28,0,0,0,0,0,0,0,0,0,0,0,0,0
3437,734.2970676,60.87,571.63,472.02,541.55,0,0,0,0,1303.19,1466.59,1851.44,0,0,0
1575,597.3323576,217.35,0,0,0,0,0,0,0,0,0,0,0,0,0
401,525.7709426,140.4,0,0,0,0,0,0,0,0,0,0,0,0,0
649,525.7527376,154.46,0,0,0,0,0,0,0,0,0,0,0,0,0
319,494.7397226,134.06,0,0,0,0,0,0,0,0,0,0,0,0,0
67,520.2396176,50.7,0,0,0,0,0,0,0,0,0,0,0,0,0
4116,578.7965826,139.52,0,0,0,0,0,0,0,0,0,0,0,0,0
726,528.2861826,159.74,0,0,0,0,0,0,0,0,0,0,0,0,0
8337,686.8995526,196.43,0,0,0,12366.52,13071.96,9754.77,0,0,0,0,0,0,0
1322,605.3712176,202,0,0,0,0,0,0,0,0,0,0,0,0,0
931,580.3274976,175.11,0,0,0,0,0,0,0,0,0,0,0,0,0
6900,677.8223676,176.08,0,0,0,18482.17,16662.78,19299.21,0,0,0,0,0,0,0
6129,918.4041126,165.46,0,0,0,0,0,0,0,0,1448.03,1747.44,0,0,0
1261,646.3259726,197.08,0,0,0,0,0,0,0,0,0,0,0,0,0
9469,611.3465926,218.33,0,0,0,0,0,0,0,0,0,0,0,0,0
910,596.3227926,173.02,0,0,0,0,0,0,0,0,0,0,0,0,0
1202,683.8218626,192.66,0,0,0,0,0,0,0,0,0,0,0,0,0
552,552.2659626,148.15,0,0,0,0,0,0,0,0,0,0,0,0,0
494,489.2539226,144.95,0,0,0,0,0,0,0,0,0,0,0,0,0
633,575.7867276,153.88,0,0,0,0,0,0,0,0,0,0,0,0,0
1748,581.3528026,226.75,0,0,0,0,0,0,0,0,0,0,0,0,0
1780,683.8797776,228.58,0,0,0,0,0,0,0,0,0,0,0,0,0
5779,736.3401076,162.51,0,0,0,2921.47,2531.34,3088.9,0,0,0,0,0,0,0
1585,665.3805276,217.81,0,0,0,0,0,0,0,0,0,0,0,0,0
6643,546.7839626,173.05,0,0,0,2438.61,2339.73,2322.8,0,0,0,0,0,0,0
7613,637.3721426,187.38,0,0,0,0,0,0,0,0,0,0,1963.95,1734.97,1861.8
1319,563.8099876,201.89,0,0,0,0,0,0,0,0,0,0,0,0,0
206,585.2713726,59.58,0,0,0,0,0,0,0,0,0,0,0,0,0
1584,602.8356776,217.77,0,0,0,0,0,0,0,0,0,0,0,0,0
9572,548.8006776,219.81,0,0,0,0,0,0,0,0,0,0,0,0,0
8850,624.8286976,205.31,0,0,0,0,0,0,0,0,0,0,0,0,0
7174,595.7975976,179.32,0,0,0,0,0,0,0,0,0,0,0,0,0
2122,431.5608176,289.4,0,0,0,0,0,0,0,0,0,0,0,0,0
148,446.2491476,56.38,0,0,0,0,0,0,0,0,0,0,0,0,0
1779,654.8807926,228.56,0,0,0,0,0,0,0,0,0,0,0,0,0
2001,693.3918976,257.48,0,0,0,2022.87,2152.87,1881.75,0,0,0,0,0,0,0
1153,812.1225026,189.47,0,0,0,9322.57,6267.54,8388.45,0,0,0,0,0,0,0
1481,506.7774176,210.43,0,0,0,0,0,0,0,0,0,0,0,0,0
9669,435.7594576,221.44,2814.15,3740.43,3321.72,0,0,0,0,10033.26,9064.81,9782.23,4256.24,4594.33,4342.81
8379,630.3552526,197.5,0,0,0,2159.35,1606.44,2665.18,0,0,0,0,0,0,0
1313,419.7300976,201.7,0,0,0,0,0,0,0,0,0,0,0,0,0
1790,675.3641926,229.01,0,0,0,0,0,0,0,0,0,0,0,0,0
1485,662.8655226,210.53,0,0,0,0,0,0,0,0,0,0,0,0,0
310,436.6981276,133.72,0,0,0,0,0,0,0,0,0,0,0,0,0
10377,500.2961976,241.97,0,0,0,0,0,0,0,0,0,0,0,0,0
3060,405.7268076,52.67,0,0,0,0,0,0,0,0,0,0,0,0,0
2018,626.7554526,262.84,0,0,0,0,0,0,0,0,0,0,0,0,0
866,627.2812226,167.22,0,0,0,2291.79,2282.42,2880.12,0,0,0,0,0,0,0
1524,655.3521226,214.29,0,0,0,0,0,0,0,0,0,0,0,0,0
2068,450.6097976,275.05,0,0,0,0,0,0,0,0,0,0,0,0,0
4276,818.3436476,140.93,0,0,0,0,0,0,0,546.76,693.56,747.93,0,0,0
9885,612.3555026,227.54,0,0,0,0,0,0,0,0,0,0,0,0,0
10910,462.1135276,289.61,0,0,0,1905.26,1584.98,1978.44,0,0,0,0,0,0,0
3084,405.7260726,56.22,0,0,0,0,0,0,0,0,0,0,0,0,0
515,605.3037626,145.84,0,0,0,0,0,0,0,0,0,0,0,0,0
1206,673.9061326,192.83,0,0,0,0,0,0,0,0,0,0,0,0,0
349,681.3201426,137.53,0,0,0,8060.93,7201.27,7775.14,0,0,0,0,0,0,0
415,647.8393826,140.74,0,0,0,2369.02,2603.75,2256.58,0,0,0,0,0,0,0
1205,626.8681676,192.81,0,0,0,0,0,0,0,0,0,0,0,0,0
1558,627.3369376,216.78,0,0,0,0,0,0,0,0,0,0,0,0,0
622,667.8436326,152.87,0,0,0,0,0,0,0,0,0,0,0,0,0
597,543.7967476,151.43,0,0,0,2046.75,1844.97,1603.11,0,0,0,0,0,0,0
4433,567.2957226,144.75,0,0,0,0,0,0,0,0,0,0,0,0,0
4435,567.2960376,143.15,0,0,0,0,0,0,0,0,0,0,0,0,0
6440,545.3036276,170.72,0,0,0,5211.39,4621.66,4937.21,0,0,0,0,0,0,0
816,537.3149876,163.76,0,0,0,1292.85,943.62,1368.26,0,0,0,0,0,0,0
8171,501.2596726,195.48,0,0,0,0,0,0,0,0,0,0,0,0,0
9506,606.3320776,217.03,0,0,0,0,0,0,0,0,0,0,0,0,0
296,587.2918676,133.34,0,0,0,0,0,0,0,0,0,0,0,0,0
968,544.8110276,178.76,0,0,0,3204.39,3709.43,4346.56,0,0,0,0,0,0,0
1879,600.8598926,233.87,0,0,0,0,0,0,0,0,0,0,0,0,0
1435,693.3654676,208.7,0,0,0,0,0,0,0,0,0,0,0,0,0
1975,453.7138926,249.45,0,0,0,2637.42,2730.81,2819.29,0,0,0,0,0,0,0
10598,434.2649126,259.98,0,0,0,2588.28,2902.94,3049.29,0,0,0,0,0,0,0
1309,620.3690576,200.81,0,0,0,0,0,0,0,0,0,0,0,0,0
714,516.2672276,158.82,0,0,0,0,0,0,0,0,0,0,0,0,0
537,500.7697426,147.5,0,0,0,0,0,0,0,0,0,0,0,0,0
929,407.6547176,174.83,0,0,0,0,0,0,0,0,0,0,0,0,0
8731,437.2666276,203.29,0,0,0,0,0,0,0,1761.27,1655.69,1901.29,0,0,0
6120,772.8531176,165.28,0,0,0,0,0,0,0,1543.47,1494.85,1457.43,0,0,0
9386,776.4270676,215.82,0,0,0,0,0,0,0,0,0,0,0,0,0
4006,520.7575776,137.33,0,0,0,0,0,0,0,0,0,0,0,0,0
2241,634.2272276,320.45,0,0,0,0,0,0,0,0,0,0,0,0,0
1664,641.8648226,222.46,0,0,0,0,0,0,0,0,0,0,0,0,0
1478,618.3254576,210.26,0,0,0,0,0,0,0,0,0,0,0,0,0
8409,654.3698126,199.27,0,0,0,0,0,0,0,0,0,0,0,0,0
4280,768.8528926,141.63,0,0,0,2080.48,1623.25,1501.72,0,0,0,0,0,0,0
650,558.7814726,154.51,0,0,0,0,0,0,0,0,0,0,0,0,0
321,479.2409926,134.12,0,0,0,0,0,0,0,0,0,0,0,0,0
958,612.3526226,177.52,0,0,0,0,0,0,0,0,0,0,0,0,0
1247,496.7455976,195.59,0,0,0,0,0,0,0,0,0,0,0,0,0
9938,484.2674676,227.47,0,0,0,2831.44,1667.39,2144.04,0,0,0,0,0,0,0
1060,628.8432576,184.26,0,0,0,0,0,0,0,0,0,0,0,0,0
4325,521.2766876,142.88,0,0,0,0,0,0,0,0,0,0,0,0,0
1628,721.3880026,220.28,0,0,0,0,0,0,0,0,0,0,0,0,0
1926,783.9383676,239.21,0,0,0,0,0,0,0,0,0,0,0,0,0
1487,643.3508576,210.62,0,0,0,0,0,0,0,0,0,0,0,0,0
7716,583.3375326,188.4,0,0,0,3609.9,3554.64,3482.53,0,0,0,0,0,0,0
497,632.3114626,145.1,0,0,0,0,0,0,0,0,0,0,0,0,0
523,661.3531626,146.78,0,0,0,0,0,0,0,0,0,0,0,0,0
498,596.3141776,145.15,0,0,0,0,0,0,0,0,0,0,0,0,0
5172,537.7644476,156.72,1753.67,2102.56,1921.69,0,0,0,0,5710.8,5370.68,6337.53,0,0,0
10350,700.8850576,241.45,0,0,0,0,0,0,0,0,0,0,0,0,0
9596,477.2598626,220.27,0,0,0,0,0,0,0,1744.36,1601.27,1946.76,0,0,0
1562,609.3279926,217,0,0,0,0,0,0,0,0,0,0,0,0,0
653,584.3157776,154.87,0,0,0,0,0,0,0,0,0,0,0,0,0
9664,444.2714926,220.53,0,0,0,0,0,0,0,637.06,585.73,599.13,0,0,0
6294,619.0316776,167.18,0,0,0,0,0,0,0,1350.91,1350.89,1434.55,0,0,0
257,447.2296576,127.55,0,0,0,0,0,0,0,0,0,0,0,0,0
10207,484.2675626,233.74,0,0,0,3681.31,4051.42,3556.77,0,0,0,0,0,0,0
4235,768.8496626,141.06,0,0,0,0,0,0,0,928.14,1437.36,1671.54,0,0,0
9681,696.4014376,220.85,0,0,0,0,0,0,0,0,0,0,0,0,0
3147,525.7773276,55.33,0,0,0,0,0,0,0,0,0,0,0,0,0
171,805.3051476,57.42,0,0,0,0,0,0,0,0,0,510.52,0,0,0
892,547.7937076,170.03,0,0,0,0,0,0,0,0,0,0,1622.41,1748.03,1842.82
1808,670.3939476,230.44,0,0,0,0,0,0,0,0,0,0,0,0,0
5859,587.3000676,162.33,0,0,0,0,0,0,0,0,0,0,0,0,0
1508,474.7447276,213,0,0,0,0,0,0,0,0,0,0,0,0,0
7523,550.271682,185.72,0,0,0,7874.13,9479.56,7270.31,0,0,0,0,0,0,0
8672,414.222102,202.77,0,0,0,0,0,0,0,0,0,0,0,0,0
3799,300.668202,133.66,0,0,0,0,0,0,0,0,0,0,0,0,0
7614,637.374312,187.68,0,0,0,7934.83,7582.69,8234.63,0,0,0,0,0,0,0
2084,392.257782,279.18,0,0,0,0,0,0,0,0,0,0,0,0,0
9902,464.267732,226.66,0,0,0,0,0,0,0,0,0,0,0,0,0
1257,398.686002,196.7,0,0,0,0,0,0,0,0,0,0,0,0,0
1817,669.893147,231.01,0,0,0,0,0,0,0,0,0,0,0,0,0
1374,621.363897,206.2,0,0,0,0,0,0,0,0,0,0,0,0,0
6953,763.352562,177.87,0,0,0,5201.94,5602.53,4253.41,0,0,0,0,0,0,0
1033,613.819367,183.17,0,0,0,0,0,0,0,0,0,0,0,0,0
NA,NA,NA,NA,NA,NA,NA,NA,NA,NA,NA,NA,NA,NA,NA,NA
NA,NA,NA,NA,NA,NA,NA,NA,NA,NA,NA,NA,NA,NA,NA,NA
5238,359.1356,157.51,0,0,0,2950.8,2850.52,3292.56,0,0,0,0,0,0,0
4119,475.20113,141.52,0,0,0,0,0,0,0,0,0,0,0,0,0
6943,405.20322,177.35,0,589.59,0,0,0,0,0,1986.46,1891.01,1887.58,0,0,0
11423,523.34193,450.45,0,0,0,0,0,0,0,0,0,526.77,0,0,0
8359,402.17157,197.83,0,0,0,0,0,0,0,0,0,0,0,0,0
11500,423.19486,467.67,2078.84,3605.48,3069.53,279.93,440.91,0,0,9471.54,10495.25,10653.25,2485.13,2496.37,2236.42
11095,498.20167,330.47,0,0,0,0,0,0,0,0,0,0,0,0,0
10666,449.07809,265.51,0,0,0,650.93,782.37,588.81,0,0,0,0,0,0,0
7071,510.32912,178.3,0,0,0,0,0,0,0,0,0,0,0,0,0
5336,371.22267,158.19,2449.54,2539.06,2557.69,0,0,0,0,8385.44,7891.38,8615.69,2467.19,1865.15,1818.05
10587,606.32634,259.45,0,0,0,0,0,0,0,0,0,0,0,0,0
11367,520.18606,433.89,1581.74,1637.82,1414.86,0,0,0,0,4413.13,3443.07,4740.16,1334.81,1239.23,907.72
9214,227.12813,213.56,0,0,0,0,0,0,0,0,0,0,0,0,0
10592,368.94017,260.08,3327.77,3108.83,3241.66,0,0,0,0,4019.72,3578.25,3184.87,849.82,0,0
2794,477.20787,49.99,1152.87,1246,1159.66,0,0,0,0,3083.48,3095.52,3053.76,1114.54,1415.24,1429.7
4117,411.20522,141.49,0,0,0,0,0,0,0,0,0,0,0,0,0
10755,433.08285,274.62,0,0,0,1788.06,2291,2377.36,0,0,0,0,0,0,0
